"",".","miRNA"
"hsa-mir-454_hsa-miR-454-3p",0.00431869301514517,"hsa-miR-454-3p"
"hsa-mir-885_hsa-miR-885-5p",0.0015933201924641,"hsa-miR-885-5p"
"hsa-mir-374b_hsa-miR-374b-5p",0.00459831314059695,"hsa-miR-374b-5p"
"hsa-mir-340_hsa-miR-340-5p",0.00372473763665016,"hsa-miR-340-5p"
"hsa-mir-4745_hsa-miR-4745-5p",0.00250889274430155,"hsa-miR-4745-5p"
"hsa-mir-376b_hsa-miR-376b-3p",0.000119647297819607,"hsa-miR-376b-3p"
"hsa-mir-32_hsa-miR-32-5p",0.00422080401351208,"hsa-miR-32-5p"
"hsa-mir-98_hsa-miR-98-5p",0.00380595668433233,"hsa-miR-98-5p"
"hsa-let-7f-1_hsa-let-7f-5p",0.00306252725381252,"hsa-let-7f-5p"
"hsa-mir-576_hsa-miR-576-5p",0.00391548827098766,"hsa-miR-576-5p"
"hsa-mir-590_hsa-miR-590-3p",0.00383694769623026,"hsa-miR-590-3p"
"hsa-mir-122_hsa-miR-122-5p",4.4689075904145e-05,"hsa-miR-122-5p"
"hsa-mir-134_hsa-miR-134-5p",0.00266432757374154,"hsa-miR-134-5p"
"hsa-mir-15b_hsa-miR-15b-5p",0.00378564230736735,"hsa-miR-15b-5p"
"hsa-mir-499a_hsa-miR-499a-5p",0.00146698213277231,"hsa-miR-499a-5p"
"hsa-let-7f-2_hsa-let-7f-5p",0.00306762474890188,"hsa-let-7f-5p"
"hsa-mir-624_hsa-miR-624-5p",0.00376279262024671,"hsa-miR-624-5p"
"hsa-mir-361_hsa-miR-361-5p",0.00313034392860536,"hsa-miR-361-5p"
"hsa-mir-6887_hsa-miR-6887-5p",0.00417923577689788,"hsa-miR-6887-5p"
"hsa-mir-381_hsa-miR-381-3p",0.00147686801661583,"hsa-miR-381-3p"
"hsa-mir-182_hsa-miR-182-5p",0.00352037532876888,"hsa-miR-182-5p"
"hsa-mir-374a_hsa-miR-374a-5p",0.00330734587027553,"hsa-miR-374a-5p"
"hsa-mir-183_hsa-miR-183-5p",0.00298329836197969,"hsa-miR-183-5p"
"hsa-mir-455_hsa-miR-455-3p",0.00146367868719105,"hsa-miR-455-3p"
"hsa-mir-195_hsa-miR-195-5p",0.00402485373362262,"hsa-miR-195-5p"
"hsa-mir-206_hsa-miR-206",0.0013464693320817,"hsa-miR-206"
"hsa-mir-409_hsa-miR-409-3p",0.00020956303494652,"hsa-miR-409-3p"
"hsa-mir-485_hsa-miR-485-3p",0.00154781633151727,"hsa-miR-485-3p"
"hsa-mir-3613_hsa-miR-3613-3p",0.000441858720049307,"hsa-miR-3613-3p"
"hsa-mir-376a-2_hsa-miR-376a-3p",0.000355343405662706,"hsa-miR-376a-3p"
"hsa-mir-1228_hsa-miR-1228-5p",0.00334619561085352,"hsa-miR-1228-5p"
"hsa-mir-376a-1_hsa-miR-376a-3p",0.000443397458753904,"hsa-miR-376a-3p"
"hsa-mir-483_hsa-miR-483-5p",0.00317510834285359,"hsa-miR-483-5p"
"hsa-mir-16-2_hsa-miR-16-5p",0.00352735400354171,"hsa-miR-16-5p"
"hsa-mir-16-1_hsa-miR-16-5p",0.0035323915599975,"hsa-miR-16-5p"
"hsa-mir-219b_hsa-miR-219b-3p",0.00260035915213317,"hsa-miR-219b-3p"
"hsa-mir-1277_hsa-miR-1277-3p",0.00261300608896604,"hsa-miR-1277-3p"
"hsa-mir-545_hsa-miR-545-5p",0.00291684363878339,"hsa-miR-545-5p"
"hsa-mir-582_hsa-miR-582-5p",0.00187233678647347,"hsa-miR-582-5p"
"hsa-mir-335_hsa-miR-335-5p",0.00306424909936624,"hsa-miR-335-5p"
"hsa-mir-375_hsa-miR-375",0.000649564058254163,"hsa-miR-375"
"hsa-mir-362_hsa-miR-362-5p",0.000317451153153578,"hsa-miR-362-5p"
"hsa-mir-4429_hsa-miR-4429",0.00162118377129618,"hsa-miR-4429"
"hsa-let-7a-3_hsa-let-7a-5p",0.00278586529282769,"hsa-let-7a-5p"
"hsa-mir-505_hsa-miR-505-5p",0.00282694559575914,"hsa-miR-505-5p"
"hsa-mir-204_hsa-miR-204-5p",0.00158109252299553,"hsa-miR-204-5p"
"hsa-mir-144_hsa-miR-144-3p",0.00184384323430569,"hsa-miR-144-3p"
"hsa-let-7a-1_hsa-let-7a-5p",0.00278185416504379,"hsa-let-7a-5p"
"hsa-mir-26b_hsa-miR-26b-3p",0.002601823845521,"hsa-miR-26b-3p"
"hsa-mir-3667_hsa-miR-3667-5p",0.00163851228807895,"hsa-miR-3667-5p"
"hsa-mir-30b_hsa-miR-30b-5p",0.00365081318200996,"hsa-miR-30b-5p"
"hsa-mir-873_hsa-miR-873-5p",9.51889996867779e-05,"hsa-miR-873-5p"
"hsa-mir-432_hsa-miR-432-5p",0.00138435075907542,"hsa-miR-432-5p"
"hsa-mir-671_hsa-miR-671-5p",0.00317962135441458,"hsa-miR-671-5p"
"hsa-mir-634_hsa-miR-634",0.00369814792129825,"hsa-miR-634"
"hsa-mir-30c-1_hsa-miR-30c-5p",0.00356464151836858,"hsa-miR-30c-5p"
"hsa-mir-15a_hsa-miR-15a-5p",0.00349202260994369,"hsa-miR-15a-5p"
"hsa-mir-200b_hsa-miR-200b-3p",0.00238105600650904,"hsa-miR-200b-3p"
"hsa-mir-1277_hsa-miR-1277-5p",0.00218598487527538,"hsa-miR-1277-5p"
"hsa-let-7a-2_hsa-let-7a-5p",0.00268915706753822,"hsa-let-7a-5p"
"hsa-mir-493_hsa-miR-493-5p",0.00132713296741853,"hsa-miR-493-5p"
"hsa-mir-30c-2_hsa-miR-30c-5p",0.00357676029573246,"hsa-miR-30c-5p"
"hsa-mir-150_hsa-miR-150-5p",0.00208680980791163,"hsa-miR-150-5p"
"hsa-mir-3200_hsa-miR-3200-5p",0.00185991643154313,"hsa-miR-3200-5p"
"hsa-mir-4740_hsa-miR-4740-3p",0.000793590875075257,"hsa-miR-4740-3p"
"hsa-mir-4772_hsa-miR-4772-5p",0.000464457708639871,"hsa-miR-4772-5p"
"hsa-mir-625_hsa-miR-625-3p",0.00213041262973311,"hsa-miR-625-3p"
"hsa-mir-370_hsa-miR-370-3p",0.000627879304549374,"hsa-miR-370-3p"
"hsa-let-7f-1_hsa-let-7f-1-3p",0.00231326649757182,"hsa-let-7f-1-3p"
"hsa-mir-486_hsa-miR-486-3p",0.00147824794649062,"hsa-miR-486-3p"
"hsa-mir-200a_hsa-miR-200a-3p",0.0019966892507617,"hsa-miR-200a-3p"
"hsa-mir-579_hsa-miR-579-3p",0.00227610160651936,"hsa-miR-579-3p"
"hsa-mir-495_hsa-miR-495-3p",0.00220692638795016,"hsa-miR-495-3p"
"hsa-mir-494_hsa-miR-494-3p",0.00208266672178639,"hsa-miR-494-3p"
"hsa-mir-3648_hsa-miR-3648",0.000862086089600326,"hsa-miR-3648"
"hsa-mir-4669_hsa-miR-4669",0.00045355932299992,"hsa-miR-4669"
"hsa-mir-7-1_hsa-miR-7-1-3p",0.00277919907832538,"hsa-miR-7-1-3p"
"hsa-mir-215_hsa-miR-215-5p",0.00357554874180625,"hsa-miR-215-5p"
"hsa-mir-365b_hsa-miR-365b-3p",0.00225656004146371,"hsa-miR-365b-3p"
"hsa-let-7a-1_hsa-let-7a-3p",0.00314618339172046,"hsa-let-7a-3p"
"hsa-mir-1299_hsa-miR-1299",0.000702228097840326,"hsa-miR-1299"
"hsa-let-7a-3_hsa-let-7a-3p",0.00320568613140641,"hsa-let-7a-3p"
"hsa-mir-6891_hsa-miR-6891-5p",0.00126584593004583,"hsa-miR-6891-5p"
"hsa-mir-1537_hsa-miR-1537-3p",9.81907017650031e-05,"hsa-miR-1537-3p"
"hsa-mir-622_hsa-miR-622",0.00307869555055463,"hsa-miR-622"
"hsa-mir-503_hsa-miR-503-5p",0.00273755759483893,"hsa-miR-503-5p"
"hsa-mir-664a_hsa-miR-664a-3p",0.00295565262371007,"hsa-miR-664a-3p"
"hsa-let-7e_hsa-let-7e-5p",0.00208726949765465,"hsa-let-7e-5p"
"hsa-mir-4446_hsa-miR-4446-3p",7.65091613457468e-06,"hsa-miR-4446-3p"
"hsa-mir-708_hsa-miR-708-3p",0.00240258988432968,"hsa-miR-708-3p"
"hsa-mir-103b-1_hsa-miR-103b",0.00333104373053911,"hsa-miR-103b"
"hsa-mir-103b-2_hsa-miR-103b",0.00331065723550475,"hsa-miR-103b"
"hsa-mir-1303_hsa-miR-1303",0.000918676373453174,"hsa-miR-1303"
"hsa-mir-129-2_hsa-miR-129-2-3p",0.00326727485599881,"hsa-miR-129-2-3p"
"hsa-mir-382_hsa-miR-382-5p",0.000628254764000482,"hsa-miR-382-5p"
"hsa-mir-365a_hsa-miR-365a-3p",0.00211354731889559,"hsa-miR-365a-3p"
"hsa-mir-299_hsa-miR-299-3p",0.00335223023689425,"hsa-miR-299-3p"
"hsa-mir-486-2_hsa-miR-486-3p",0.00154963726327362,"hsa-miR-486-3p"
"hsa-mir-545_hsa-miR-545-3p",0.00138033534931323,"hsa-miR-545-3p"
"hsa-let-7f-2_hsa-let-7f-2-3p",0.00112925040421552,"hsa-let-7f-2-3p"
"hsa-mir-203a_hsa-miR-203a",0.00112022209395077,"hsa-miR-203a"
"hsa-mir-183_hsa-miR-183-3p",0.0024660914962632,"hsa-miR-183-3p"
"hsa-mir-1323_hsa-miR-1323",3.2542663100191e-05,"hsa-miR-1323"
"hsa-mir-433_hsa-miR-433-3p",6.88633714129123e-05,"hsa-miR-433-3p"
"hsa-mir-489_hsa-miR-489-3p",0.00330247436602643,"hsa-miR-489-3p"
"hsa-mir-362_hsa-miR-362-3p",0.00258236664852243,"hsa-miR-362-3p"
"hsa-mir-4792_hsa-miR-4792",0.00224316432584352,"hsa-miR-4792"
"hsa-mir-21_hsa-miR-21-3p",2.64228167176759e-05,"hsa-miR-21-3p"
"hsa-mir-27a_hsa-miR-27a-3p",0.00265533567422992,"hsa-miR-27a-3p"
"hsa-mir-95_hsa-miR-95-3p",0.00176904464250957,"hsa-miR-95-3p"
"hsa-mir-18b_hsa-miR-18b-3p",0.00235610597076553,"hsa-miR-18b-3p"
"hsa-mir-4433_hsa-miR-4433-3p",0.00177467790529698,"hsa-miR-4433-3p"
"hsa-mir-338_hsa-miR-338-5p",0.00113149276698147,"hsa-miR-338-5p"
"hsa-mir-4497_hsa-miR-4497",0.00228375690457225,"hsa-miR-4497"
"hsa-mir-27b_hsa-miR-27b-3p",0.00233988304811663,"hsa-miR-27b-3p"
"hsa-mir-376c_hsa-miR-376c-3p",0.000533081977351788,"hsa-miR-376c-3p"
"hsa-mir-29a_hsa-miR-29a-5p",0.000353913530649854,"hsa-miR-29a-5p"
"hsa-mir-4488_hsa-miR-4488",0.00316476087833935,"hsa-miR-4488"
"hsa-mir-424_hsa-miR-424-3p",0.00168718998791578,"hsa-miR-424-3p"
"hsa-mir-3909_hsa-miR-3909",0.00266303148277445,"hsa-miR-3909"
"hsa-mir-6087_hsa-miR-6087",0.00304404969650041,"hsa-miR-6087"
"hsa-mir-193b_hsa-miR-193b-5p",0.00150931130552148,"hsa-miR-193b-5p"
"hsa-mir-485_hsa-miR-485-5p",0.00185018511548637,"hsa-miR-485-5p"
"hsa-mir-450a-2_hsa-miR-450a-5p",0.00143450499791422,"hsa-miR-450a-5p"
"hsa-mir-1293_hsa-miR-1293",0.00133285249568591,"hsa-miR-1293"
"hsa-mir-106a_hsa-miR-106a-3p",0.00201130688714009,"hsa-miR-106a-3p"
"hsa-mir-33b_hsa-miR-33b-5p",0.00112491573730783,"hsa-miR-33b-5p"
"hsa-mir-548b_hsa-miR-548b-3p",0.000621447630315496,"hsa-miR-548b-3p"
"hsa-mir-517b_hsa-miR-517b-3p",0.000498651902555498,"hsa-miR-517b-3p"
"hsa-mir-4532_hsa-miR-4532",0.00282473757068296,"hsa-miR-4532"
"hsa-mir-26a-2_hsa-miR-26a-5p",0.00308111665116451,"hsa-miR-26a-5p"
"hsa-mir-10a_hsa-miR-10a-5p",0.00252098723866928,"hsa-miR-10a-5p"
"hsa-mir-130b_hsa-miR-130b-5p",0.0015610818149005,"hsa-miR-130b-5p"
"hsa-mir-1275_hsa-miR-1275",0.000688944643990646,"hsa-miR-1275"
"hsa-mir-454_hsa-miR-454-5p",0.00243071216614498,"hsa-miR-454-5p"
"hsa-mir-144_hsa-miR-144-5p",0.00301614597247709,"hsa-miR-144-5p"
"hsa-mir-4433b_hsa-miR-4433b-3p",0.00205295020767496,"hsa-miR-4433b-3p"
"hsa-mir-625_hsa-miR-625-5p",0.000942950708595318,"hsa-miR-625-5p"
"hsa-mir-551b_hsa-miR-551b-3p",0.00053277441177682,"hsa-miR-551b-3p"
"hsa-mir-619_hsa-miR-619-5p",0.00268558788565884,"hsa-miR-619-5p"
"hsa-mir-665_hsa-miR-665",0.00095785978655965,"hsa-miR-665"
"hsa-mir-4433_hsa-miR-4433-5p",0.00014720428721473,"hsa-miR-4433-5p"
"hsa-mir-543_hsa-miR-543",0.00134539476960972,"hsa-miR-543"
"hsa-mir-4523_hsa-miR-4523",0.000750966503350933,"hsa-miR-4523"
"hsa-mir-23a_hsa-miR-23a-5p",0.00195349287911411,"hsa-miR-23a-5p"
"hsa-mir-493_hsa-miR-493-3p",0.000178426160196121,"hsa-miR-493-3p"
"hsa-mir-517a_hsa-miR-517a-3p",0.000615408922754925,"hsa-miR-517a-3p"
"hsa-mir-26a-1_hsa-miR-26a-5p",0.00306732857340201,"hsa-miR-26a-5p"
"hsa-let-7c_hsa-let-7c-5p",0.00208247036341568,"hsa-let-7c-5p"
"hsa-mir-337_hsa-miR-337-5p",0.000434329097917091,"hsa-miR-337-5p"
"hsa-mir-224_hsa-miR-224-5p",0.000928396739196549,"hsa-miR-224-5p"
"hsa-mir-208b_hsa-miR-208b-3p",0.000291839328626723,"hsa-miR-208b-3p"
"hsa-mir-5010_hsa-miR-5010-3p",0.0023025848369518,"hsa-miR-5010-3p"
"hsa-mir-26b_hsa-miR-26b-5p",0.00282069785116471,"hsa-miR-26b-5p"
"hsa-let-7b_hsa-let-7b-5p",0.00252900296045817,"hsa-let-7b-5p"
"hsa-mir-450b_hsa-miR-450b-5p",0.00239394634682029,"hsa-miR-450b-5p"
"hsa-mir-450a-1_hsa-miR-450a-5p",0.00145099846729908,"hsa-miR-450a-5p"
"hsa-mir-199b_hsa-miR-199b-5p",0.00133044388618349,"hsa-miR-199b-5p"
"hsa-mir-190b_hsa-miR-190b",0.000781746897678459,"hsa-miR-190b"
"hsa-mir-92b_hsa-miR-92b-3p",0.0018517604057349,"hsa-miR-92b-3p"
"hsa-mir-6513_hsa-miR-6513-5p",0.00151732294088929,"hsa-miR-6513-5p"
"hsa-mir-675_hsa-miR-675-5p",0.00141952873847091,"hsa-miR-675-5p"
"hsa-mir-132_hsa-miR-132-3p",0.00252769529000273,"hsa-miR-132-3p"
"hsa-let-7d_hsa-let-7d-5p",0.00260051010986364,"hsa-let-7d-5p"
"hsa-mir-628_hsa-miR-628-3p",0.00249436080316765,"hsa-miR-628-3p"
"hsa-mir-30e_hsa-miR-30e-3p",0.00246244939099477,"hsa-miR-30e-3p"
"hsa-mir-3960_hsa-miR-3960",0.00249394465568395,"hsa-miR-3960"
"hsa-mir-1273g_hsa-miR-1273g-3p",0.0017026210710156,"hsa-miR-1273g-3p"
"hsa-mir-1273h_hsa-miR-1273h-3p",0.000357554814828742,"hsa-miR-1273h-3p"
"hsa-mir-642a_hsa-miR-642a-3p",0.0007612705028117,"hsa-miR-642a-3p"
"hsa-mir-590_hsa-miR-590-5p",1.52014902666859e-05,"hsa-miR-590-5p"
"hsa-mir-31_hsa-miR-31-5p",0.000419853815065187,"hsa-miR-31-5p"
"hsa-mir-127_hsa-miR-127-3p",0.00248178927882572,"hsa-miR-127-3p"
"hsa-mir-642a_hsa-miR-642a-5p",0.000869694293551592,"hsa-miR-642a-5p"
"hsa-mir-3656_hsa-miR-3656",0.00256267402258928,"hsa-miR-3656"
"hsa-mir-421_hsa-miR-421",0.0014898834123922,"hsa-miR-421"
"hsa-mir-29a_hsa-miR-29a-3p",0.00242511989930148,"hsa-miR-29a-3p"
"hsa-mir-483_hsa-miR-483-3p",0.000340420263338869,"hsa-miR-483-3p"
"hsa-mir-885_hsa-miR-885-3p",0.000440184287340526,"hsa-miR-885-3p"
"hsa-mir-616_hsa-miR-616-5p",0.00177345470631074,"hsa-miR-616-5p"
"hsa-mir-25_hsa-miR-25-5p",0.000120994003166292,"hsa-miR-25-5p"
"hsa-mir-182_hsa-miR-182-3p",0.000115824394074109,"hsa-miR-182-3p"
"hsa-mir-128-1_hsa-miR-128-3p",0.00284340115568882,"hsa-miR-128-3p"
"hsa-mir-6089-1_hsa-miR-6089",0.00230156029215674,"hsa-miR-6089"
"hsa-mir-212_hsa-miR-212-5p",0.000914325111963182,"hsa-miR-212-5p"
"hsa-mir-7847_hsa-miR-7847-3p",0.00211548071141512,"hsa-miR-7847-3p"
"hsa-mir-204_hsa-miR-204-3p",0.00213544176141348,"hsa-miR-204-3p"
"hsa-mir-146a_hsa-miR-146a-3p",0.000407987709704601,"hsa-miR-146a-3p"
"hsa-mir-16-2_hsa-miR-16-2-3p",0.00169242237034418,"hsa-miR-16-2-3p"
"hsa-mir-654_hsa-miR-654-5p",0.000334686007844608,"hsa-miR-654-5p"
"hsa-mir-10b_hsa-miR-10b-5p",0.00212904623875228,"hsa-miR-10b-5p"
"hsa-mir-624_hsa-miR-624-3p",0.00220734144871684,"hsa-miR-624-3p"
"hsa-mir-148b_hsa-miR-148b-5p",0.00212571952082103,"hsa-miR-148b-5p"
"hsa-mir-627_hsa-miR-627-5p",0.00195103069740215,"hsa-miR-627-5p"
"hsa-mir-5589_hsa-miR-5589-5p",0.000218531446633068,"hsa-miR-5589-5p"
"hsa-mir-136_hsa-miR-136-3p",0.000375405382055511,"hsa-miR-136-3p"
"hsa-mir-32_hsa-miR-32-3p",0.00207158778158051,"hsa-miR-32-3p"
"hsa-mir-200c_hsa-miR-200c-3p",0.00202088776505435,"hsa-miR-200c-3p"
"hsa-mir-1246_hsa-miR-1246",0.00191847853409831,"hsa-miR-1246"
"hsa-mir-127_hsa-miR-127-5p",0.00124302468993055,"hsa-miR-127-5p"
"hsa-mir-208a_hsa-miR-208a-3p",0.000819760441463204,"hsa-miR-208a-3p"
"hsa-mir-4326_hsa-miR-4326",0.00159869885639186,"hsa-miR-4326"
"hsa-mir-412_hsa-miR-412-5p",0.0013082646689858,"hsa-miR-412-5p"
"hsa-mir-6073_hsa-miR-6073",0.00066318667947097,"hsa-miR-6073"
"hsa-mir-7641-2_hsa-miR-7641",0.000123910026598204,"hsa-miR-7641"
"hsa-mir-23b_hsa-miR-23b-5p",0.000626594852015658,"hsa-miR-23b-5p"
"hsa-mir-33a_hsa-miR-33a-3p",0.00188211501561226,"hsa-miR-33a-3p"
"hsa-mir-4772_hsa-miR-4772-3p",0.0013056906692451,"hsa-miR-4772-3p"
"hsa-mir-29c_hsa-miR-29c-3p",0.00229628490664045,"hsa-miR-29c-3p"
"hsa-mir-4785_hsa-miR-4785",0.0011562232724903,"hsa-miR-4785"
"hsa-mir-3200_hsa-miR-3200-3p",0.00143792053107317,"hsa-miR-3200-3p"
"hsa-mir-20a_hsa-miR-20a-3p",0.00151502471972915,"hsa-miR-20a-3p"
"hsa-mir-92a-2_hsa-miR-92a-3p",0.00290747017106807,"hsa-miR-92a-3p"
"hsa-mir-92a-1_hsa-miR-92a-3p",0.00289150847551063,"hsa-miR-92a-3p"
"hsa-mir-18a_hsa-miR-18a-3p",0.00164799584168255,"hsa-miR-18a-3p"
"hsa-mir-101-1_hsa-miR-101-5p",0.00177704524151976,"hsa-miR-101-5p"
"hsa-mir-122_hsa-miR-122-3p",0.000956622260221338,"hsa-miR-122-3p"
"hsa-mir-155_hsa-miR-155-5p",0.00204661212570687,"hsa-miR-155-5p"
"hsa-mir-4508_hsa-miR-4508",0.00166673066567295,"hsa-miR-4508"
"hsa-mir-3173_hsa-miR-3173-5p",0.00198636658983044,"hsa-miR-3173-5p"
"hsa-mir-323a_hsa-miR-323a-3p",0.000907932728565506,"hsa-miR-323a-3p"
"hsa-mir-3940_hsa-miR-3940-3p",0.000503481208265154,"hsa-miR-3940-3p"
"hsa-mir-3120_hsa-miR-3120-3p",0.000586996849877488,"hsa-miR-3120-3p"
"hsa-mir-4732_hsa-miR-4732-5p",0.0020384405196483,"hsa-miR-4732-5p"
"hsa-mir-148a_hsa-miR-148a-5p",0.000570418281070324,"hsa-miR-148a-5p"
"hsa-mir-190a_hsa-miR-190a-5p",0.00146197563400779,"hsa-miR-190a-5p"
"hsa-mir-214_hsa-miR-214-5p",0.000934296871410544,"hsa-miR-214-5p"
"hsa-mir-99a_hsa-miR-99a-3p",0.000854581513737691,"hsa-miR-99a-3p"
"hsa-mir-409_hsa-miR-409-5p",0.000125564378617623,"hsa-miR-409-5p"
"hsa-mir-1273h_hsa-miR-1273h-5p",0.000718199180327748,"hsa-miR-1273h-5p"
"hsa-mir-199a-2_hsa-miR-199a-3p",0.00181014063446569,"hsa-miR-199a-3p"
"hsa-mir-7976_hsa-miR-7976",0.000673808925515931,"hsa-miR-7976"
"hsa-mir-539_hsa-miR-539-5p",0.000882830734905045,"hsa-miR-539-5p"
"hsa-mir-431_hsa-miR-431-5p",0.00122332090548092,"hsa-miR-431-5p"
"hsa-mir-30a_hsa-miR-30a-3p",0.0015323939095278,"hsa-miR-30a-3p"
"hsa-mir-7114_hsa-miR-7114-3p",0.000194129514748529,"hsa-miR-7114-3p"
"hsa-mir-4466_hsa-miR-4466",0.00110645886994288,"hsa-miR-4466"
"hsa-mir-584_hsa-miR-584-3p",0.00183825629174112,"hsa-miR-584-3p"
"hsa-mir-1290_hsa-miR-1290",0.000952993227118538,"hsa-miR-1290"
"hsa-mir-5100_hsa-miR-5100",0.00142178031219427,"hsa-miR-5100"
"hsa-mir-598_hsa-miR-598-3p",0.00241123094503847,"hsa-miR-598-3p"
"hsa-mir-128-2_hsa-miR-128-3p",0.002734849959506,"hsa-miR-128-3p"
"hsa-mir-5096_hsa-miR-5096",0.000692875401189243,"hsa-miR-5096"
"hsa-mir-3613_hsa-miR-3613-5p",0.00249604586213928,"hsa-miR-3613-5p"
"hsa-let-7d_hsa-let-7d-3p",0.00258239903628747,"hsa-let-7d-3p"
"hsa-mir-194-2_hsa-miR-194-3p",0.000319028450151767,"hsa-miR-194-3p"
"hsa-mir-2355_hsa-miR-2355-5p",0.00145389829556948,"hsa-miR-2355-5p"
"hsa-mir-142_hsa-miR-142-5p",0.00227544925455879,"hsa-miR-142-5p"
"hsa-mir-378i_hsa-miR-378i",0.00254619736075325,"hsa-miR-378i"
"hsa-mir-6810_hsa-miR-6810-3p",0.000280378437024074,"hsa-miR-6810-3p"
"hsa-mir-5189_hsa-miR-5189-5p",0.000424025479689256,"hsa-miR-5189-5p"
"hsa-mir-145_hsa-miR-145-3p",0.000784234344291777,"hsa-miR-145-3p"
"hsa-mir-1294_hsa-miR-1294",0.00158283310356595,"hsa-miR-1294"
"hsa-mir-15b_hsa-miR-15b-3p",0.00157815894854457,"hsa-miR-15b-3p"
"hsa-mir-191_hsa-miR-191-3p",0.000371993828386211,"hsa-miR-191-3p"
"hsa-mir-758_hsa-miR-758-3p",0.000611957008462112,"hsa-miR-758-3p"
"hsa-mir-1226_hsa-miR-1226-3p",0.00157589885051997,"hsa-miR-1226-3p"
"hsa-let-7i_hsa-let-7i-3p",0.00087094660342779,"hsa-let-7i-3p"
"hsa-mir-141_hsa-miR-141-3p",0.00124272269325008,"hsa-miR-141-3p"
"hsa-mir-192_hsa-miR-192-3p",0.00174053917414542,"hsa-miR-192-3p"
"hsa-mir-96_hsa-miR-96-5p",0.00189106137238417,"hsa-miR-96-5p"
"hsa-mir-6503_hsa-miR-6503-3p",0.00135453342614761,"hsa-miR-6503-3p"
"hsa-mir-3143_hsa-miR-3143",0.00164709580519257,"hsa-miR-3143"
"hsa-mir-191_hsa-miR-191-5p",0.00161034346903455,"hsa-miR-191-5p"
"hsa-mir-4433b_hsa-miR-4433b-5p",0.000252987199312192,"hsa-miR-4433b-5p"
"hsa-mir-20a_hsa-miR-20a-5p",0.0024867943785505,"hsa-miR-20a-5p"
"hsa-mir-1-2_hsa-miR-1",0.00206109295481263,"hsa-miR-1"
"hsa-mir-193b_hsa-miR-193b-3p",0.00135789191861132,"hsa-miR-193b-3p"
"hsa-mir-221_hsa-miR-221-5p",0.00150301163637379,"hsa-miR-221-5p"
"hsa-mir-34c_hsa-miR-34c-5p",0.000612111398962016,"hsa-miR-34c-5p"
"hsa-mir-7704_hsa-miR-7704",0.00173087691001044,"hsa-miR-7704"
"hsa-mir-615_hsa-miR-615-3p",0.000388701001319154,"hsa-miR-615-3p"
"hsa-mir-193a_hsa-miR-193a-5p",0.00227114052062156,"hsa-miR-193a-5p"
"hsa-mir-301a_hsa-miR-301a-5p",0.00152014702256594,"hsa-miR-301a-5p"
"hsa-mir-4306_hsa-miR-4306",0.000412182090864014,"hsa-miR-4306"
"hsa-mir-6513_hsa-miR-6513-3p",0.00102283177378198,"hsa-miR-6513-3p"
"hsa-mir-490_hsa-miR-490-3p",0.00112510989631097,"hsa-miR-490-3p"
"hsa-mir-500b_hsa-miR-500b-3p",0.00094958149800019,"hsa-miR-500b-3p"
"hsa-mir-4469_hsa-miR-4469",0.00248223828042535,"hsa-miR-4469"
"hsa-mir-6815_hsa-miR-6815-5p",0.000579613560612586,"hsa-miR-6815-5p"
"hsa-mir-580_hsa-miR-580-3p",0.000767592782941701,"hsa-miR-580-3p"
"hsa-mir-766_hsa-miR-766-3p",0.000468647142280603,"hsa-miR-766-3p"
"hsa-mir-1-1_hsa-miR-1",0.00190792509111411,"hsa-miR-1"
"hsa-mir-338_hsa-miR-338-3p",0.000250456696550583,"hsa-miR-338-3p"
"hsa-mir-181d_hsa-miR-181d-5p",0.000251502827183854,"hsa-miR-181d-5p"
"hsa-mir-6126_hsa-miR-6126",0.00220159094197338,"hsa-miR-6126"
"hsa-mir-340_hsa-miR-340-3p",0.00190166428833311,"hsa-miR-340-3p"
"hsa-mir-1304_hsa-miR-1304-5p",0.00110202107443022,"hsa-miR-1304-5p"
"hsa-mir-1285-1_hsa-miR-1285-5p",0.00122015772551658,"hsa-miR-1285-5p"
"hsa-mir-29b-1_hsa-miR-29b-1-5p",0.000737097324695846,"hsa-miR-29b-1-5p"
"hsa-mir-33a_hsa-miR-33a-5p",0.000847407409271474,"hsa-miR-33a-5p"
"hsa-mir-671_hsa-miR-671-3p",0.00051302587977121,"hsa-miR-671-3p"
"hsa-let-7g_hsa-let-7g-3p",0.00148187745159324,"hsa-let-7g-3p"
"hsa-mir-378a_hsa-miR-378a-3p",0.00248417715264432,"hsa-miR-378a-3p"
"hsa-mir-4516_hsa-miR-4516",0.00181219992375181,"hsa-miR-4516"
"hsa-mir-135a-1_hsa-miR-135a-5p",0.0013955373307037,"hsa-miR-135a-5p"
"hsa-mir-377_hsa-miR-377-3p",0.000915790504727344,"hsa-miR-377-3p"
"hsa-mir-132_hsa-miR-132-5p",0.000304892208870063,"hsa-miR-132-5p"
"hsa-mir-34a_hsa-miR-34a-5p",0.00115632166148171,"hsa-miR-34a-5p"
"hsa-mir-15a_hsa-miR-15a-3p",0.00134894570469583,"hsa-miR-15a-3p"
"hsa-mir-1273c_hsa-miR-1273c",2.13802968672877e-05,"hsa-miR-1273c"
"hsa-mir-4443_hsa-miR-4443",0.000340054512735056,"hsa-miR-4443"
"hsa-mir-6516_hsa-miR-6516-5p",0.00151934156935656,"hsa-miR-6516-5p"
"hsa-mir-490_hsa-miR-490-5p",0.00010349608711873,"hsa-miR-490-5p"
"hsa-mir-4732_hsa-miR-4732-3p",0.00170216464689591,"hsa-miR-4732-3p"
"hsa-mir-10a_hsa-miR-10a-3p",0.00142992414215662,"hsa-miR-10a-3p"
"hsa-mir-497_hsa-miR-497-3p",2.90703868783727e-05,"hsa-miR-497-3p"
"hsa-mir-1304_hsa-miR-1304-3p",0.00149492768684386,"hsa-miR-1304-3p"
"hsa-mir-1185-1_hsa-miR-1185-1-3p",0.000745598059049495,"hsa-miR-1185-1-3p"
"hsa-mir-3620_hsa-miR-3620-3p",0.000199231255740513,"hsa-miR-3620-3p"
"hsa-mir-1261_hsa-miR-1261",0.00135607555325225,"hsa-miR-1261"
"hsa-mir-329-1_hsa-miR-329-3p",0.00143396775820272,"hsa-miR-329-3p"
"hsa-mir-6747_hsa-miR-6747-3p",0.00148985559001233,"hsa-miR-6747-3p"
"hsa-mir-6777_hsa-miR-6777-3p",0.00106702134434311,"hsa-miR-6777-3p"
"hsa-mir-940_hsa-miR-940",0.000819917523780002,"hsa-miR-940"
"hsa-mir-3928_hsa-miR-3928-3p",0.00129166430117779,"hsa-miR-3928-3p"
"hsa-mir-126_hsa-miR-126-5p",0.00198233284229896,"hsa-miR-126-5p"
"hsa-mir-30b_hsa-miR-30b-3p",0.00086355537873526,"hsa-miR-30b-3p"
"hsa-mir-744_hsa-miR-744-3p",0.00147620234587645,"hsa-miR-744-3p"
"hsa-mir-452_hsa-miR-452-5p",0.00216842939494324,"hsa-miR-452-5p"
"hsa-mir-339_hsa-miR-339-3p",0.00135998251776758,"hsa-miR-339-3p"
"hsa-mir-7641-1_hsa-miR-7641",0.000135403155756998,"hsa-miR-7641"
"hsa-mir-1229_hsa-miR-1229-3p",0.00149366749463868,"hsa-miR-1229-3p"
"hsa-mir-330_hsa-miR-330-5p",0.000719778677863425,"hsa-miR-330-5p"
"hsa-mir-4710_hsa-miR-4710",0.000647691048489262,"hsa-miR-4710"
"hsa-mir-664a_hsa-miR-664a-5p",0.001129000842654,"hsa-miR-664a-5p"
"hsa-mir-4484_hsa-miR-4484",0.00160946840155366,"hsa-miR-4484"
"hsa-mir-887_hsa-miR-887-3p",0.00181247232434713,"hsa-miR-887-3p"
"hsa-mir-675_hsa-miR-675-3p",0.000522137923149556,"hsa-miR-675-3p"
"hsa-mir-519d_hsa-miR-519d-3p",0.000301050099778844,"hsa-miR-519d-3p"
"hsa-mir-146b_hsa-miR-146b-3p",0.00046523592228769,"hsa-miR-146b-3p"
"hsa-mir-548j_hsa-miR-548j-5p",0.000147536617884292,"hsa-miR-548j-5p"
"hsa-mir-550a-3_hsa-miR-550a-3-5p",0.000954168903108123,"hsa-miR-550a-3-5p"
"hsa-mir-342_hsa-miR-342-3p",0.0010291300296025,"hsa-miR-342-3p"
"hsa-mir-329-2_hsa-miR-329-3p",0.0013658560189469,"hsa-miR-329-3p"
"hsa-mir-548aw_hsa-miR-548aw",9.730205082709e-05,"hsa-miR-548aw"
"hsa-mir-296_hsa-miR-296-3p",0.000507275044893734,"hsa-miR-296-3p"
"hsa-mir-223_hsa-miR-223-3p",0.000291450726071842,"hsa-miR-223-3p"
"hsa-mir-6501_hsa-miR-6501-5p",3.04287535545656e-05,"hsa-miR-6501-5p"
"hsa-mir-451a_hsa-miR-451a",0.0025622083648201,"hsa-miR-451a"
"hsa-mir-6852_hsa-miR-6852-5p",0.000972896973707383,"hsa-miR-6852-5p"
"hsa-mir-6734_hsa-miR-6734-3p",0.00158298372503036,"hsa-miR-6734-3p"
"hsa-mir-5581_hsa-miR-5581-3p",0.00119399648799828,"hsa-miR-5581-3p"
"hsa-mir-1273f_hsa-miR-1273f",0.00131902593837922,"hsa-miR-1273f"
"hsa-mir-1976_hsa-miR-1976",0.000822089385046963,"hsa-miR-1976"
"hsa-mir-126_hsa-miR-126-3p",0.00187682235331401,"hsa-miR-126-3p"
"hsa-mir-190a_hsa-miR-190a-3p",0.00176068378851498,"hsa-miR-190a-3p"
"hsa-mir-296_hsa-miR-296-5p",0.000622137138731324,"hsa-miR-296-5p"
"hsa-mir-548k_hsa-miR-548k",0.000592880263539347,"hsa-miR-548k"
"hsa-mir-1225_hsa-miR-1225-5p",0.00219311912858132,"hsa-miR-1225-5p"
"hsa-mir-486_hsa-miR-486-5p",0.00126642712627776,"hsa-miR-486-5p"
"hsa-mir-6756_hsa-miR-6756-3p",0.000402789977562671,"hsa-miR-6756-3p"
"hsa-mir-574_hsa-miR-574-3p",0.00118481398848802,"hsa-miR-574-3p"
"hsa-mir-2115_hsa-miR-2115-3p",0.000249914929380478,"hsa-miR-2115-3p"
"hsa-mir-518e_hsa-miR-518e-3p",9.24042501640909e-05,"hsa-miR-518e-3p"
"hsa-mir-504_hsa-miR-504-5p",0.000151547826934172,"hsa-miR-504-5p"
"hsa-mir-2355_hsa-miR-2355-3p",0.00064789314401254,"hsa-miR-2355-3p"
"hsa-mir-5001_hsa-miR-5001-3p",0.000833689477729661,"hsa-miR-5001-3p"
"hsa-mir-217_hsa-miR-217",0.000759694183697386,"hsa-miR-217"
"hsa-mir-376a-2_hsa-miR-376a-2-5p",0.000921040977168069,"hsa-miR-376a-2-5p"
"hsa-mir-1250_hsa-miR-1250-5p",0.000441804802414915,"hsa-miR-1250-5p"
"hsa-mir-192_hsa-miR-192-5p",0.000457572468351188,"hsa-miR-192-5p"
"hsa-mir-125b-2_hsa-miR-125b-2-3p",0.000697767229419882,"hsa-miR-125b-2-3p"
"hsa-mir-500a_hsa-miR-500a-5p",0.00159270570704955,"hsa-miR-500a-5p"
"hsa-mir-30c-1_hsa-miR-30c-1-3p",0.000800687321990585,"hsa-miR-30c-1-3p"
"hsa-mir-326_hsa-miR-326",0.000914276393029398,"hsa-miR-326"
"hsa-mir-4440_hsa-miR-4440",0.00110417270418501,"hsa-miR-4440"
"hsa-mir-181c_hsa-miR-181c-5p",0.000274831139468223,"hsa-miR-181c-5p"
"hsa-mir-363_hsa-miR-363-3p",0.0018831953504799,"hsa-miR-363-3p"
"hsa-mir-210_hsa-miR-210-3p",0.00258462801995429,"hsa-miR-210-3p"
"hsa-mir-486-2_hsa-miR-486-5p",0.00125660056303377,"hsa-miR-486-5p"
"hsa-mir-6877_hsa-miR-6877-5p",0.000531669282984952,"hsa-miR-6877-5p"
"hsa-mir-3157_hsa-miR-3157-5p",0.00131003753954624,"hsa-miR-3157-5p"
"hsa-mir-6803_hsa-miR-6803-3p",0.000441112772477267,"hsa-miR-6803-3p"
"hsa-mir-3657_hsa-miR-3657",0.0006365332974718,"hsa-miR-3657"
"hsa-mir-5010_hsa-miR-5010-5p",0.00114686641467133,"hsa-miR-5010-5p"
"hsa-mir-1537_hsa-miR-1537-5p",0.000665929717727028,"hsa-miR-1537-5p"
"hsa-mir-1268b_hsa-miR-1268b",0.00167472735385005,"hsa-miR-1268b"
"hsa-mir-99b_hsa-miR-99b-5p",0.00139990998466313,"hsa-miR-99b-5p"
"hsa-mir-542_hsa-miR-542-5p",0.000290556721436864,"hsa-miR-542-5p"
"hsa-mir-125a_hsa-miR-125a-3p",0.00125644215666328,"hsa-miR-125a-3p"
"hsa-mir-3182_hsa-miR-3182",0.000141531091029666,"hsa-miR-3182"
"hsa-mir-1285-1_hsa-miR-1285-3p",0.000333309124107962,"hsa-miR-1285-3p"
"hsa-mir-376a-1_hsa-miR-376a-5p",0.000708202134650395,"hsa-miR-376a-5p"
"hsa-mir-3940_hsa-miR-3940-5p",0.00138785014845171,"hsa-miR-3940-5p"
"hsa-mir-500b_hsa-miR-500b-5p",0.0016305992160999,"hsa-miR-500b-5p"
"hsa-mir-582_hsa-miR-582-3p",0.000399938738546549,"hsa-miR-582-3p"
"hsa-mir-939_hsa-miR-939-5p",0.0014161038891769,"hsa-miR-939-5p"
"hsa-mir-517c_hsa-miR-517c-3p",7.48314775860891e-05,"hsa-miR-517c-3p"
"hsa-mir-589_hsa-miR-589-3p",0.000848743236400421,"hsa-miR-589-3p"
"hsa-mir-496_hsa-miR-496",0.0013769462489939,"hsa-miR-496"
"hsa-mir-511_hsa-miR-511-3p",0.000684980615779149,"hsa-miR-511-3p"
"hsa-mir-101-1_hsa-miR-101-3p",0.0025004781440935,"hsa-miR-101-3p"
"hsa-mir-143_hsa-miR-143-5p",0.00175006454773899,"hsa-miR-143-5p"
"hsa-mir-139_hsa-miR-139-3p",0.00137216854005783,"hsa-miR-139-3p"
"hsa-mir-101-2_hsa-miR-101-3p",0.0024597095717185,"hsa-miR-101-3p"
"hsa-mir-6734_hsa-miR-6734-5p",0.000235919378285097,"hsa-miR-6734-5p"
"hsa-mir-196b_hsa-miR-196b-5p",0.00121272925321058,"hsa-miR-196b-5p"
"hsa-mir-3150b_hsa-miR-3150b-3p",0.000140241903228126,"hsa-miR-3150b-3p"
"hsa-mir-7977_hsa-miR-7977",0.000660841967376072,"hsa-miR-7977"
"hsa-mir-1179_hsa-miR-1179",0.0013464886529315,"hsa-miR-1179"
"hsa-mir-4766_hsa-miR-4766-3p",0.000801854631305209,"hsa-miR-4766-3p"
"hsa-mir-320a_hsa-miR-320a",0.00203066311151406,"hsa-miR-320a"
"hsa-mir-330_hsa-miR-330-3p",0.00112713325187003,"hsa-miR-330-3p"
"hsa-mir-550a-1_hsa-miR-550a-5p",0.00100276151559991,"hsa-miR-550a-5p"
"hsa-mir-92a-1_hsa-miR-92a-1-5p",0.000941249383355197,"hsa-miR-92a-1-5p"
"hsa-mir-320c-2_hsa-miR-320c",0.00218348671908962,"hsa-miR-320c"
"hsa-mir-641_hsa-miR-641",0.00102216556010364,"hsa-miR-641"
"hsa-mir-3944_hsa-miR-3944-5p",0.00018668581107763,"hsa-miR-3944-5p"
"hsa-mir-143_hsa-miR-143-3p",0.00148687824413684,"hsa-miR-143-3p"
"hsa-mir-4286_hsa-miR-4286",0.000340012661930037,"hsa-miR-4286"
"hsa-mir-518f_hsa-miR-518f-3p",0.000267895551119072,"hsa-miR-518f-3p"
"hsa-mir-542_hsa-miR-542-3p",0.0004764259542542,"hsa-miR-542-3p"
"hsa-mir-30d_hsa-miR-30d-5p",0.00254587257108856,"hsa-miR-30d-5p"
"hsa-mir-636_hsa-miR-636",0.000279316971963146,"hsa-miR-636"
"hsa-mir-135a-2_hsa-miR-135a-5p",0.00107490011687679,"hsa-miR-135a-5p"
"hsa-mir-130a_hsa-miR-130a-5p",0.000689140884060885,"hsa-miR-130a-5p"
"hsa-mir-3913-1_hsa-miR-3913-5p",0.000147606609250196,"hsa-miR-3913-5p"
"hsa-mir-610_hsa-miR-610",0.000807841379559622,"hsa-miR-610"
"hsa-mir-3913-2_hsa-miR-3913-5p",5.45179893191831e-05,"hsa-miR-3913-5p"
"hsa-let-7i_hsa-let-7i-5p",0.00213605080664114,"hsa-let-7i-5p"
"hsa-mir-99b_hsa-miR-99b-3p",0.000527251563250072,"hsa-miR-99b-3p"
"hsa-mir-873_hsa-miR-873-3p",0.000954923074246441,"hsa-miR-873-3p"
"hsa-mir-181b-1_hsa-miR-181b-3p",0.000288055436754166,"hsa-miR-181b-3p"
"hsa-mir-30e_hsa-miR-30e-5p",0.00238067772800323,"hsa-miR-30e-5p"
"hsa-mir-548d-2_hsa-miR-548d-5p",0.00135347717444517,"hsa-miR-548d-5p"
"hsa-mir-9-2_hsa-miR-9-5p",0.00130794389985377,"hsa-miR-9-5p"
"hsa-mir-320b-2_hsa-miR-320b",0.0021788069883419,"hsa-miR-320b"
"hsa-mir-197_hsa-miR-197-3p",0.000550447192727193,"hsa-miR-197-3p"
"hsa-mir-219a-1_hsa-miR-219a-5p",0.00024057326086523,"hsa-miR-219a-5p"
"hsa-mir-3196_hsa-miR-3196",0.0016216716425128,"hsa-miR-3196"
"hsa-mir-138-2_hsa-miR-138-5p",0.00126390850579637,"hsa-miR-138-5p"
"hsa-mir-187_hsa-miR-187-3p",0.000272665699023722,"hsa-miR-187-3p"
"hsa-mir-548aa-1_hsa-miR-548aa",0.00149755499134469,"hsa-miR-548aa"
"hsa-mir-27b_hsa-miR-27b-5p",0.000644995955664629,"hsa-miR-27b-5p"
"hsa-mir-642b_hsa-miR-642b-5p",0.000512155368994209,"hsa-miR-642b-5p"
"hsa-mir-4521_hsa-miR-4521",0.000773768496361039,"hsa-miR-4521"
"hsa-mir-181c_hsa-miR-181c-3p",6.12528771873335e-05,"hsa-miR-181c-3p"
"hsa-mir-629_hsa-miR-629-3p",0.0012763523842383,"hsa-miR-629-3p"
"hsa-mir-6802_hsa-miR-6802-3p",0.00138262266711782,"hsa-miR-6802-3p"
"hsa-mir-199b_hsa-miR-199b-3p",0.0015354886947928,"hsa-miR-199b-3p"
"hsa-mir-5193_hsa-miR-5193",0.00114163679982581,"hsa-miR-5193"
"hsa-mir-224_hsa-miR-224-3p",0.000622954804484184,"hsa-miR-224-3p"
"hsa-mir-1306_hsa-miR-1306-3p",0.000315291094625879,"hsa-miR-1306-3p"
"hsa-mir-501_hsa-miR-501-5p",0.000217863824814698,"hsa-miR-501-5p"
"hsa-mir-4665_hsa-miR-4665-5p",0.00097524415106818,"hsa-miR-4665-5p"
"hsa-mir-141_hsa-miR-141-5p",0.00100367262040859,"hsa-miR-141-5p"
"hsa-mir-214_hsa-miR-214-3p",0.000672970292597694,"hsa-miR-214-3p"
"hsa-mir-16-1_hsa-miR-16-1-3p",0.000186481522180162,"hsa-miR-16-1-3p"
"hsa-mir-20b_hsa-miR-20b-3p",0.00152473155047672,"hsa-miR-20b-3p"
"hsa-mir-550a-2_hsa-miR-550a-5p",0.000801650651495505,"hsa-miR-550a-5p"
"hsa-mir-199a-1_hsa-miR-199a-3p",0.00153792798966015,"hsa-miR-199a-3p"
"hsa-mir-574_hsa-miR-574-5p",0.000330642491515082,"hsa-miR-574-5p"
"hsa-mir-548d-1_hsa-miR-548d-5p",0.00130322894655215,"hsa-miR-548d-5p"
"hsa-mir-4787_hsa-miR-4787-5p",0.0011674135540066,"hsa-miR-4787-5p"
"hsa-mir-628_hsa-miR-628-5p",0.000949366549498152,"hsa-miR-628-5p"
"hsa-mir-548aa-2_hsa-miR-548aa",0.00126150962264898,"hsa-miR-548aa"
"hsa-mir-769_hsa-miR-769-5p",0.00166163870417855,"hsa-miR-769-5p"
"hsa-mir-4485_hsa-miR-4485",0.000324557174351113,"hsa-miR-4485"
"hsa-mir-4646_hsa-miR-4646-3p",0.00139475750294128,"hsa-miR-4646-3p"
"hsa-mir-766_hsa-miR-766-5p",0.000727578035313711,"hsa-miR-766-5p"
"hsa-mir-106b_hsa-miR-106b-5p",0.00180165879028004,"hsa-miR-106b-5p"
"hsa-mir-548t_hsa-miR-548t-3p",0.00111843702862182,"hsa-miR-548t-3p"
"hsa-mir-1908_hsa-miR-1908-5p",0.00111424291205118,"hsa-miR-1908-5p"
"hsa-mir-27a_hsa-miR-27a-5p",0.000192734965000997,"hsa-miR-27a-5p"
"hsa-mir-4738_hsa-miR-4738-3p",0.000256772683128391,"hsa-miR-4738-3p"
"hsa-mir-3194_hsa-miR-3194-5p",0.000736830782771359,"hsa-miR-3194-5p"
"hsa-mir-4492_hsa-miR-4492",0.00174765355406652,"hsa-miR-4492"
"hsa-mir-320c-1_hsa-miR-320c",0.00205560301579066,"hsa-miR-320c"
"hsa-mir-98_hsa-miR-98-3p",0.00156679631942879,"hsa-miR-98-3p"
"hsa-mir-133a-1_hsa-miR-133a-3p",0.00174690982800355,"hsa-miR-133a-3p"
"hsa-mir-24-1_hsa-miR-24-1-5p",0.000804482701333422,"hsa-miR-24-1-5p"
"hsa-mir-194-2_hsa-miR-194-5p",0.00179735365925691,"hsa-miR-194-5p"
"hsa-mir-548e_hsa-miR-548e-3p",0.00120910730687867,"hsa-miR-548e-3p"
"hsa-mir-2115_hsa-miR-2115-5p",0.000401904427644999,"hsa-miR-2115-5p"
"hsa-mir-133a-2_hsa-miR-133a-3p",0.00169650345416612,"hsa-miR-133a-3p"
"hsa-mir-320b-1_hsa-miR-320b",0.00219680595271114,"hsa-miR-320b"
"hsa-mir-6511b-1_hsa-miR-6511b-3p",0.000731356537640793,"hsa-miR-6511b-3p"
"hsa-mir-654_hsa-miR-654-3p",0.000697200195806868,"hsa-miR-654-3p"
"hsa-mir-6858_hsa-miR-6858-5p",0.000994761551468946,"hsa-miR-6858-5p"
"hsa-mir-3677_hsa-miR-3677-3p",0.000542356358768846,"hsa-miR-3677-3p"
"hsa-mir-99a_hsa-miR-99a-5p",0.000197165403669319,"hsa-miR-99a-5p"
"hsa-mir-599_hsa-miR-599",0.000468946298234811,"hsa-miR-599"
"hsa-mir-218-1_hsa-miR-218-5p",0.000335202468365395,"hsa-miR-218-5p"
"hsa-mir-6818_hsa-miR-6818-5p",0.000568972729480672,"hsa-miR-6818-5p"
"hsa-mir-331_hsa-miR-331-3p",0.00120909633118282,"hsa-miR-331-3p"
"hsa-mir-18b_hsa-miR-18b-5p",0.00196042862258306,"hsa-miR-18b-5p"
"hsa-mir-4676_hsa-miR-4676-5p",0.000387040537334543,"hsa-miR-4676-5p"
"hsa-mir-3679_hsa-miR-3679-5p",0.000481326965517966,"hsa-miR-3679-5p"
"hsa-mir-223_hsa-miR-223-5p",0.000305767467871562,"hsa-miR-223-5p"
"hsa-mir-136_hsa-miR-136-5p",0.000963639759797434,"hsa-miR-136-5p"
"hsa-mir-5095_hsa-miR-5095",0.00103592549166881,"hsa-miR-5095"
"hsa-mir-154_hsa-miR-154-5p",0.00101559552856543,"hsa-miR-154-5p"
"hsa-mir-378d-2_hsa-miR-378d",0.00159671574677237,"hsa-miR-378d"
"hsa-mir-30a_hsa-miR-30a-5p",0.00139245149403627,"hsa-miR-30a-5p"
"hsa-mir-4667_hsa-miR-4667-5p",0.000298710769943766,"hsa-miR-4667-5p"
"hsa-mir-627_hsa-miR-627-3p",0.000797456105592182,"hsa-miR-627-3p"
"hsa-mir-502_hsa-miR-502-5p",0.00148076285022751,"hsa-miR-502-5p"
"hsa-mir-320d-1_hsa-miR-320d",0.00193782815919984,"hsa-miR-320d"
"hsa-mir-6503_hsa-miR-6503-5p",0.000122671761844342,"hsa-miR-6503-5p"
"hsa-mir-107_hsa-miR-107",0.00130219840776884,"hsa-miR-107"
"hsa-mir-877_hsa-miR-877-5p",0.000545692849993212,"hsa-miR-877-5p"
"hsa-mir-1224_hsa-miR-1224-5p",0.000924446890877082,"hsa-miR-1224-5p"
"hsa-mir-3124_hsa-miR-3124-5p",0.000467670750618646,"hsa-miR-3124-5p"
"hsa-mir-219a-2_hsa-miR-219a-5p",9.43865467337874e-05,"hsa-miR-219a-5p"
"hsa-mir-3065_hsa-miR-3065-5p",2.66530891653407e-05,"hsa-miR-3065-5p"
"hsa-mir-2278_hsa-miR-2278",0.000404518926991509,"hsa-miR-2278"
"hsa-mir-103a-2_hsa-miR-103a-2-5p",0.000501728459482301,"hsa-miR-103a-2-5p"
"hsa-mir-194-1_hsa-miR-194-5p",0.00172803071812378,"hsa-miR-194-5p"
"hsa-mir-2116_hsa-miR-2116-3p",0.000867315704964477,"hsa-miR-2116-3p"
"hsa-mir-6735_hsa-miR-6735-5p",0.000688416778629175,"hsa-miR-6735-5p"
"hsa-mir-4685_hsa-miR-4685-3p",0.000983664110925227,"hsa-miR-4685-3p"
"hsa-mir-877_hsa-miR-877-3p",0.000214907266055427,"hsa-miR-877-3p"
"hsa-mir-760_hsa-miR-760",0.000659595067949779,"hsa-miR-760"
"hsa-mir-548ay_hsa-miR-548ay-5p",0.000975429276152625,"hsa-miR-548ay-5p"
"hsa-mir-491_hsa-miR-491-5p",0.00132516795284641,"hsa-miR-491-5p"
"hsa-mir-147b_hsa-miR-147b",0.00042083415170711,"hsa-miR-147b"
"hsa-mir-4707_hsa-miR-4707-5p",0.000389728408849705,"hsa-miR-4707-5p"
"hsa-mir-6749_hsa-miR-6749-3p",0.000819547893103612,"hsa-miR-6749-3p"
"hsa-mir-744_hsa-miR-744-5p",0.000912386929202184,"hsa-miR-744-5p"
"hsa-mir-551a_hsa-miR-551a",0.000300546573914932,"hsa-miR-551a"
"hsa-mir-34b_hsa-miR-34b-5p",0.00066879770762451,"hsa-miR-34b-5p"
"hsa-mir-3158-1_hsa-miR-3158-3p",0.000265478861614132,"hsa-miR-3158-3p"
"hsa-mir-497_hsa-miR-497-5p",0.000496131152343676,"hsa-miR-497-5p"
"hsa-mir-363_hsa-miR-363-5p",0.0010001476971136,"hsa-miR-363-5p"
"hsa-mir-941-2_hsa-miR-941",0.000754722468946629,"hsa-miR-941"
"hsa-mir-597_hsa-miR-597-5p",0.000709573010469121,"hsa-miR-597-5p"
"hsa-mir-92b_hsa-miR-92b-5p",7.39831198584527e-05,"hsa-miR-92b-5p"
"hsa-mir-6813_hsa-miR-6813-5p",0.000500120899616451,"hsa-miR-6813-5p"
"hsa-mir-4454_hsa-miR-4454",0.000967755788167959,"hsa-miR-4454"
"hsa-mir-1343_hsa-miR-1343-3p",8.57574072170254e-06,"hsa-miR-1343-3p"
"hsa-mir-1307_hsa-miR-1307-5p",0.000696396331725444,"hsa-miR-1307-5p"
"hsa-mir-935_hsa-miR-935",5.2515192820427e-05,"hsa-miR-935"
"hsa-mir-378c_hsa-miR-378c",0.00192043037570948,"hsa-miR-378c"
"hsa-mir-3176_hsa-miR-3176",0.000142914848584874,"hsa-miR-3176"
"hsa-mir-133a-1_hsa-miR-133a-5p",0.00035544192581543,"hsa-miR-133a-5p"
"hsa-mir-6780a_hsa-miR-6780a-5p",0.000207687641415091,"hsa-miR-6780a-5p"
"hsa-mir-133b_hsa-miR-133b",0.00113205756469504,"hsa-miR-133b"
"hsa-mir-200b_hsa-miR-200b-5p",0.000293733797523961,"hsa-miR-200b-5p"
"hsa-mir-6851_hsa-miR-6851-3p",0.00097061487301066,"hsa-miR-6851-3p"
"hsa-mir-1285-2_hsa-miR-1285-3p",0.000255371251215377,"hsa-miR-1285-3p"
"hsa-mir-487b_hsa-miR-487b-3p",0.000873023944448296,"hsa-miR-487b-3p"
"hsa-mir-2116_hsa-miR-2116-5p",8.78093531219446e-05,"hsa-miR-2116-5p"
"hsa-mir-125a_hsa-miR-125a-5p",0.00076906012922091,"hsa-miR-125a-5p"
"hsa-mir-3591_hsa-miR-3591-3p",0.000290588346783067,"hsa-miR-3591-3p"
"hsa-mir-6741_hsa-miR-6741-5p",6.00902536962064e-05,"hsa-miR-6741-5p"
"hsa-mir-188_hsa-miR-188-3p",0.000796804178094573,"hsa-miR-188-3p"
"hsa-mir-3605_hsa-miR-3605-3p",0.00130991587913318,"hsa-miR-3605-3p"
"hsa-mir-6511a-2_hsa-miR-6511a-3p",0.00128695511917418,"hsa-miR-6511a-3p"
"hsa-mir-3162_hsa-miR-3162-3p",0.000689150879343968,"hsa-miR-3162-3p"
"hsa-mir-3615_hsa-miR-3615",0.000879486321137924,"hsa-miR-3615"
"hsa-mir-4690_hsa-miR-4690-3p",0.000997821441034202,"hsa-miR-4690-3p"
"hsa-mir-6820_hsa-miR-6820-3p",0.00147920988705681,"hsa-miR-6820-3p"
"hsa-mir-7854_hsa-miR-7854-3p",0.000706253722954538,"hsa-miR-7854-3p"
"hsa-mir-1468_hsa-miR-1468-5p",0.000465758551353201,"hsa-miR-1468-5p"
"hsa-mir-150_hsa-miR-150-3p",0.000508411629816761,"hsa-miR-150-3p"
"hsa-mir-193a_hsa-miR-193a-3p",0.000208329102480197,"hsa-miR-193a-3p"
"hsa-mir-1255b-1_hsa-miR-1255b-5p",0.00105916824588496,"hsa-miR-1255b-5p"
"hsa-mir-9-1_hsa-miR-9-5p",0.00129171933467911,"hsa-miR-9-5p"
"hsa-mir-7975_hsa-miR-7975",7.00099053090542e-05,"hsa-miR-7975"
"hsa-mir-6793_hsa-miR-6793-3p",0.000219207250758871,"hsa-miR-6793-3p"
"hsa-mir-8072_hsa-miR-8072",0.000739762553371731,"hsa-miR-8072"
"hsa-mir-345_hsa-miR-345-5p",0.000286432225007474,"hsa-miR-345-5p"
"hsa-mir-6511b-2_hsa-miR-6511b-3p",0.000585158449477551,"hsa-miR-6511b-3p"
"hsa-mir-522_hsa-miR-522-3p",0.000187556911627581,"hsa-miR-522-3p"
"hsa-mir-7-2_hsa-miR-7-5p",0.00160036895921359,"hsa-miR-7-5p"
"hsa-mir-769_hsa-miR-769-3p",0.00119942087535391,"hsa-miR-769-3p"
"hsa-mir-3605_hsa-miR-3605-5p",0.00132191533561645,"hsa-miR-3605-5p"
"hsa-mir-3158-2_hsa-miR-3158-3p",0.000449592407055669,"hsa-miR-3158-3p"
"hsa-mir-4448_hsa-miR-4448",0.000651358166289446,"hsa-miR-4448"
"hsa-mir-941-3_hsa-miR-941",0.000720694508621318,"hsa-miR-941"
"hsa-mir-373_hsa-miR-373-3p",0.000423442511541441,"hsa-miR-373-3p"
"hsa-mir-5585_hsa-miR-5585-3p",0.000994991045731172,"hsa-miR-5585-3p"
"hsa-mir-1256_hsa-miR-1256",0.000259289084878578,"hsa-miR-1256"
"hsa-mir-34a_hsa-miR-34a-3p",0.000916971112915603,"hsa-miR-34a-3p"
"hsa-mir-3074_hsa-miR-3074-5p",0.000599396768248816,"hsa-miR-3074-5p"
"hsa-mir-1224_hsa-miR-1224-3p",0.00086770238461742,"hsa-miR-1224-3p"
"hsa-mir-7-1_hsa-miR-7-5p",0.00163165607512778,"hsa-miR-7-5p"
"hsa-mir-4677_hsa-miR-4677-3p",0.000826817988481368,"hsa-miR-4677-3p"
"hsa-mir-550a-2_hsa-miR-550a-3p",0.00122356954694392,"hsa-miR-550a-3p"
"hsa-mir-429_hsa-miR-429",0.0013450934299293,"hsa-miR-429"
"hsa-mir-4531_hsa-miR-4531",0.000286943589618581,"hsa-miR-4531"
"hsa-mir-138-1_hsa-miR-138-5p",0.000934315324940174,"hsa-miR-138-5p"
"hsa-mir-3190_hsa-miR-3190-3p",0.000526964566854986,"hsa-miR-3190-3p"
"hsa-mir-124-3_hsa-miR-124-3p",0.00148873752820515,"hsa-miR-124-3p"
"hsa-mir-4676_hsa-miR-4676-3p",0.000597698886750039,"hsa-miR-4676-3p"
"hsa-mir-28_hsa-miR-28-5p",0.000978970360862212,"hsa-miR-28-5p"
"hsa-mir-320d-2_hsa-miR-320d",0.0017779696039328,"hsa-miR-320d"
"hsa-mir-4470_hsa-miR-4470",0.000390794166517873,"hsa-miR-4470"
"hsa-mir-2110_hsa-miR-2110",0.00134463570337252,"hsa-miR-2110"
"hsa-mir-6511a-1_hsa-miR-6511a-3p",0.00109661839223459,"hsa-miR-6511a-3p"
"hsa-mir-4739_hsa-miR-4739",0.000844024261982985,"hsa-miR-4739"
"hsa-mir-1255b-2_hsa-miR-1255b-5p",0.0011420089940046,"hsa-miR-1255b-5p"
"hsa-mir-455_hsa-miR-455-5p",0.000316241190725863,"hsa-miR-455-5p"
"hsa-mir-133a-2_hsa-miR-133a-5p",0.000303954578022088,"hsa-miR-133a-5p"
"hsa-mir-30d_hsa-miR-30d-3p",0.000762566059535566,"hsa-miR-30d-3p"
"hsa-mir-6799_hsa-miR-6799-3p",0.000709092212143833,"hsa-miR-6799-3p"
"hsa-mir-6515_hsa-miR-6515-5p",9.41143639852333e-05,"hsa-miR-6515-5p"
"hsa-mir-1973_hsa-miR-1973",0.000116988041651664,"hsa-miR-1973"
"hsa-mir-4750_hsa-miR-4750-5p",0.000259075250126189,"hsa-miR-4750-5p"
"hsa-mir-7-3_hsa-miR-7-5p",0.00165815034568088,"hsa-miR-7-5p"
"hsa-mir-3188_hsa-miR-3188",0.000201486487993147,"hsa-miR-3188"
"hsa-mir-1268a_hsa-miR-1268a",0.0009692639666228,"hsa-miR-1268a"
"hsa-mir-550a-1_hsa-miR-550a-3p",0.00131021961851381,"hsa-miR-550a-3p"
"hsa-mir-1249_hsa-miR-1249",0.000748781646890584,"hsa-miR-1249"
"hsa-mir-139_hsa-miR-139-5p",0.00107680603286943,"hsa-miR-139-5p"
"hsa-mir-185_hsa-miR-185-3p",0.000744561075296807,"hsa-miR-185-3p"
"hsa-mir-1270-2_hsa-miR-1270",0.00123710856335028,"hsa-miR-1270"
"hsa-mir-579_hsa-miR-579-5p",0.000180085979474959,"hsa-miR-579-5p"
"hsa-mir-377_hsa-miR-377-5p",4.25738460113029e-05,"hsa-miR-377-5p"
"hsa-mir-22_hsa-miR-22-5p",0.000334002197881664,"hsa-miR-22-5p"
"hsa-mir-4731_hsa-miR-4731-5p",0.000125633570973792,"hsa-miR-4731-5p"
"hsa-mir-643_hsa-miR-643",0.0011750819409219,"hsa-miR-643"
"hsa-mir-550a-3_hsa-miR-550a-3p",0.00123851829904648,"hsa-miR-550a-3p"
"hsa-mir-1247_hsa-miR-1247-5p",0.000258763108080292,"hsa-miR-1247-5p"
"hsa-mir-5695_hsa-miR-5695",0.0013304903678138,"hsa-miR-5695"
"hsa-mir-548b_hsa-miR-548b-5p",0.00116190708796248,"hsa-miR-548b-5p"
"hsa-mir-4525_hsa-miR-4525",6.64203320175237e-05,"hsa-miR-4525"
"hsa-mir-941-1_hsa-miR-941",0.000534581722857749,"hsa-miR-941"
"hsa-mir-4714_hsa-miR-4714-3p",0.000431805724265042,"hsa-miR-4714-3p"
"hsa-mir-18a_hsa-miR-18a-5p",0.0020406752504111,"hsa-miR-18a-5p"
"hsa-mir-7851_hsa-miR-7851-3p",0.000176233832388922,"hsa-miR-7851-3p"
"hsa-mir-3691_hsa-miR-3691-5p",0.00042723742290411,"hsa-miR-3691-5p"
"hsa-mir-337_hsa-miR-337-3p",0.00125442451163226,"hsa-miR-337-3p"
"hsa-mir-181d_hsa-miR-181d-3p",0.000504784666213974,"hsa-miR-181d-3p"
"hsa-mir-181a-2_hsa-miR-181a-2-3p",0.000969164601933645,"hsa-miR-181a-2-3p"
"hsa-mir-369_hsa-miR-369-3p",0.00105325911460018,"hsa-miR-369-3p"
"hsa-mir-218-2_hsa-miR-218-5p",0.000523674246482736,"hsa-miR-218-5p"
"hsa-mir-181a-1_hsa-miR-181a-3p",0.000114164087489625,"hsa-miR-181a-3p"
"hsa-mir-216a_hsa-miR-216a-3p",0.000542295917103652,"hsa-miR-216a-3p"
"hsa-mir-532_hsa-miR-532-3p",0.00108474606570293,"hsa-miR-532-3p"
"hsa-mir-484_hsa-miR-484",0.000802464529656613,"hsa-miR-484"
"hsa-mir-664b_hsa-miR-664b-3p",0.00103604121184849,"hsa-miR-664b-3p"
"hsa-mir-379_hsa-miR-379-5p",0.00111503873085837,"hsa-miR-379-5p"
"hsa-mir-506_hsa-miR-506-3p",0.000618691749843485,"hsa-miR-506-3p"
"hsa-mir-6727_hsa-miR-6727-3p",0.000165410516047864,"hsa-miR-6727-3p"
"hsa-mir-3620_hsa-miR-3620-5p",0.00065188572239559,"hsa-miR-3620-5p"
"hsa-mir-24-2_hsa-miR-24-2-5p",3.14780126741448e-05,"hsa-miR-24-2-5p"
"hsa-mir-4687_hsa-miR-4687-5p",7.72162688866685e-05,"hsa-miR-4687-5p"
"hsa-mir-449a_hsa-miR-449a",0.00117190747144705,"hsa-miR-449a"
"hsa-mir-205_hsa-miR-205-5p",0.000537781193739055,"hsa-miR-205-5p"
"hsa-mir-124-1_hsa-miR-124-3p",0.00161739589884501,"hsa-miR-124-3p"
"hsa-mir-148b_hsa-miR-148b-3p",0.000889040731870292,"hsa-miR-148b-3p"
"hsa-mir-378f_hsa-miR-378f",0.0015867903482453,"hsa-miR-378f"
"hsa-mir-10b_hsa-miR-10b-3p",0.000783822577819913,"hsa-miR-10b-3p"
"hsa-mir-93_hsa-miR-93-5p",0.00189273146074389,"hsa-miR-93-5p"
"hsa-mir-1180_hsa-miR-1180-3p",0.000201795877487309,"hsa-miR-1180-3p"
"hsa-mir-4747_hsa-miR-4747-5p",0.000731473631705039,"hsa-miR-4747-5p"
"hsa-mir-4638_hsa-miR-4638-5p",0.00010322640564499,"hsa-miR-4638-5p"
"hsa-mir-4646_hsa-miR-4646-5p",9.9461438174022e-05,"hsa-miR-4646-5p"
"hsa-mir-3617_hsa-miR-3617-5p",0.000560351135440552,"hsa-miR-3617-5p"
"hsa-mir-3178_hsa-miR-3178",0.000311088196656059,"hsa-miR-3178"
"hsa-mir-3609_hsa-miR-3609",0.000136480601025319,"hsa-miR-3609"
"hsa-mir-548at_hsa-miR-548at-5p",0.00126290795779282,"hsa-miR-548at-5p"
"hsa-mir-196b_hsa-miR-196b-3p",0.000443858578800139,"hsa-miR-196b-3p"
"hsa-mir-9-3_hsa-miR-9-5p",0.00123779731347406,"hsa-miR-9-5p"
"hsa-mir-663a_hsa-miR-663a",0.000806882055447691,"hsa-miR-663a"
"hsa-mir-125b-2_hsa-miR-125b-5p",4.34274118873519e-05,"hsa-miR-125b-5p"
"hsa-mir-6855_hsa-miR-6855-5p",0.000351440233859178,"hsa-miR-6855-5p"
"hsa-mir-31_hsa-miR-31-3p",0.000900453665984448,"hsa-miR-31-3p"
"hsa-mir-4524a_hsa-miR-4524a-3p",0.000438203790793834,"hsa-miR-4524a-3p"
"hsa-mir-125b-1_hsa-miR-125b-5p",4.98067904309792e-05,"hsa-miR-125b-5p"
"hsa-mir-1237_hsa-miR-1237-3p",0.0001021252888447,"hsa-miR-1237-3p"
"hsa-mir-151a_hsa-miR-151a-3p",0.000578529341344285,"hsa-miR-151a-3p"
"hsa-mir-4459_hsa-miR-4459",0.000493836450952265,"hsa-miR-4459"
"hsa-mir-146b_hsa-miR-146b-5p",0.00120111228416975,"hsa-miR-146b-5p"
"hsa-mir-548e_hsa-miR-548e-5p",2.76221592117118e-05,"hsa-miR-548e-5p"
"hsa-mir-4742_hsa-miR-4742-3p",0.00106490843489499,"hsa-miR-4742-3p"
"hsa-mir-4791_hsa-miR-4791",0.000619241253175949,"hsa-miR-4791"
"hsa-mir-3138_hsa-miR-3138",0.000957682438548232,"hsa-miR-3138"
"hsa-mir-3687_hsa-miR-3687",0.000392604447524237,"hsa-miR-3687"
"hsa-mir-378d-1_hsa-miR-378d",0.00136956532858258,"hsa-miR-378d"
"hsa-mir-210_hsa-miR-210-5p",0.000397778928898312,"hsa-miR-210-5p"
"hsa-mir-548d-2_hsa-miR-548d-3p",0.00142453946082879,"hsa-miR-548d-3p"
"hsa-mir-216b_hsa-miR-216b-5p",0.000543450304111544,"hsa-miR-216b-5p"
"hsa-mir-3130-2_hsa-miR-3130-5p",0.00136558054611182,"hsa-miR-3130-5p"
"hsa-mir-20b_hsa-miR-20b-5p",0.00153292812168918,"hsa-miR-20b-5p"
"hsa-mir-548z_hsa-miR-548z",0.00108362854339354,"hsa-miR-548z"
"hsa-mir-1913_hsa-miR-1913",0.000185473056401228,"hsa-miR-1913"
"hsa-mir-941-4_hsa-miR-941",0.000748943075969311,"hsa-miR-941"
"hsa-mir-422a_hsa-miR-422a",0.00134188439812129,"hsa-miR-422a"
"hsa-mir-6740_hsa-miR-6740-5p",0.00053810059901303,"hsa-miR-6740-5p"
"hsa-mir-6837_hsa-miR-6837-5p",0.000401069378713312,"hsa-miR-6837-5p"
"hsa-mir-219b_hsa-miR-219b-5p",0.000410662685777036,"hsa-miR-219b-5p"
"hsa-mir-519a-1_hsa-miR-519a-3p",0.000244307072206065,"hsa-miR-519a-3p"
"hsa-mir-3177_hsa-miR-3177-3p",0.000555698056077346,"hsa-miR-3177-3p"
"hsa-mir-1270-1_hsa-miR-1270",0.00140499112206867,"hsa-miR-1270"
"hsa-mir-212_hsa-miR-212-3p",0.000656884487052038,"hsa-miR-212-3p"
"hsa-mir-1254-2_hsa-miR-1254",0.000274872614036456,"hsa-miR-1254"
"hsa-mir-548d-1_hsa-miR-548d-3p",0.0014244517252775,"hsa-miR-548d-3p"
"hsa-mir-4999_hsa-miR-4999-5p",0.000827036770941725,"hsa-miR-4999-5p"
"hsa-mir-3619_hsa-miR-3619-3p",0.000203061935094568,"hsa-miR-3619-3p"
"hsa-mir-3614_hsa-miR-3614-5p",9.37127908199574e-05,"hsa-miR-3614-5p"
"hsa-mir-942_hsa-miR-942-3p",0.000772823241529923,"hsa-miR-942-3p"
"hsa-mir-6807_hsa-miR-6807-5p",0.000514547497750516,"hsa-miR-6807-5p"
"hsa-mir-1273a_hsa-miR-1273a",0.000414508226768721,"hsa-miR-1273a"
"hsa-mir-3130-1_hsa-miR-3130-5p",0.00135358794571839,"hsa-miR-3130-5p"
"hsa-mir-548az_hsa-miR-548az-5p",0.00085754550476041,"hsa-miR-548az-5p"
"hsa-mir-4449_hsa-miR-4449",0.000306203305812117,"hsa-miR-4449"
"hsa-mir-6511a-3_hsa-miR-6511a-3p",0.00105560726331404,"hsa-miR-6511a-3p"
"hsa-mir-6842_hsa-miR-6842-3p",7.32695200181266e-05,"hsa-miR-6842-3p"
"hsa-mir-1254-1_hsa-miR-1254",4.85571973282224e-05,"hsa-miR-1254"
"hsa-mir-3158-2_hsa-miR-3158-5p",0.000778287527863979,"hsa-miR-3158-5p"
"hsa-mir-6765_hsa-miR-6765-5p",0.000401215536597754,"hsa-miR-6765-5p"
"hsa-mir-6511a-4_hsa-miR-6511a-3p",0.00103141227722847,"hsa-miR-6511a-3p"
"hsa-mir-19a_hsa-miR-19a-5p",0.00124175943181863,"hsa-miR-19a-5p"
"hsa-mir-652_hsa-miR-652-5p",0.000761676856851722,"hsa-miR-652-5p"
"hsa-mir-1227_hsa-miR-1227-3p",0.000813726370204782,"hsa-miR-1227-3p"
"hsa-mir-6514_hsa-miR-6514-3p",0.000835414048304635,"hsa-miR-6514-3p"
"hsa-mir-629_hsa-miR-629-5p",0.00051056485466746,"hsa-miR-629-5p"
"hsa-mir-100_hsa-miR-100-5p",0.00111085244703629,"hsa-miR-100-5p"
"hsa-mir-6812_hsa-miR-6812-3p",0.000183467085551443,"hsa-miR-6812-3p"
"hsa-mir-4754_hsa-miR-4754",1.66122758238047e-05,"hsa-miR-4754"
"hsa-mir-6804_hsa-miR-6804-5p",0.000233927836703078,"hsa-miR-6804-5p"
"hsa-mir-124-2_hsa-miR-124-3p",0.00163165071664379,"hsa-miR-124-3p"
"hsa-mir-618_hsa-miR-618",0.000800830129732583,"hsa-miR-618"
"hsa-mir-584_hsa-miR-584-5p",0.0011133645597096,"hsa-miR-584-5p"
"hsa-mir-129-1_hsa-miR-129-5p",0.000148160321150475,"hsa-miR-129-5p"
"hsa-mir-1228_hsa-miR-1228-3p",8.10948437319264e-05,"hsa-miR-1228-3p"
"hsa-mir-548h-4_hsa-miR-548h-3p",0.000919625389603448,"hsa-miR-548h-3p"
"hsa-mir-4444-2_hsa-miR-4444",0.000222483910922991,"hsa-miR-4444"
"hsa-mir-7706_hsa-miR-7706",0.000653967236829424,"hsa-miR-7706"
"hsa-mir-1273d_hsa-miR-1273d",5.56232924062481e-05,"hsa-miR-1273d"
"hsa-mir-431_hsa-miR-431-3p",2.09695473124228e-05,"hsa-miR-431-3p"
"hsa-mir-6743_hsa-miR-6743-3p",0.000201006001437627,"hsa-miR-6743-3p"
"hsa-mir-548q_hsa-miR-548q",9.17722754291431e-05,"hsa-miR-548q"
"hsa-mir-30c-2_hsa-miR-30c-2-3p",0.000585424372577984,"hsa-miR-30c-2-3p"
"hsa-mir-520g_hsa-miR-520g-3p",0.000134398450180686,"hsa-miR-520g-3p"
"hsa-mir-3667_hsa-miR-3667-3p",0.000566171261260599,"hsa-miR-3667-3p"
"hsa-mir-130a_hsa-miR-130a-3p",0.000335537255071527,"hsa-miR-130a-3p"
"hsa-mir-5683_hsa-miR-5683",0.000787716116300603,"hsa-miR-5683"
"hsa-mir-3065_hsa-miR-3065-3p",8.28227074737107e-05,"hsa-miR-3065-3p"
"hsa-mir-378g_hsa-miR-378g",0.00139143246023753,"hsa-miR-378g"
"hsa-mir-660_hsa-miR-660-3p",7.99137558770584e-05,"hsa-miR-660-3p"
"hsa-mir-3151_hsa-miR-3151-5p",0.000535034109156602,"hsa-miR-3151-5p"
"hsa-mir-5787_hsa-miR-5787",0.000887328637047339,"hsa-miR-5787"
"hsa-mir-301b_hsa-miR-301b",0.0002722592097895,"hsa-miR-301b"
"hsa-mir-19a_hsa-miR-19a-3p",0.00135530244656403,"hsa-miR-19a-3p"
"hsa-mir-125b-1_hsa-miR-125b-1-3p",0.000149070488617154,"hsa-miR-125b-1-3p"
"hsa-mir-487a_hsa-miR-487a-5p",0.000320775023192332,"hsa-miR-487a-5p"
"hsa-mir-151a_hsa-miR-151a-5p",0.00160625482269206,"hsa-miR-151a-5p"
"hsa-mir-576_hsa-miR-576-3p",0.00022860149024047,"hsa-miR-576-3p"
"hsa-mir-6797_hsa-miR-6797-3p",0.000453545593642104,"hsa-miR-6797-3p"
"hsa-mir-335_hsa-miR-335-3p",0.00083362056099909,"hsa-miR-335-3p"
"hsa-mir-660_hsa-miR-660-5p",0.0014094586343587,"hsa-miR-660-5p"
"hsa-let-7b_hsa-let-7b-3p",3.31806532373924e-05,"hsa-let-7b-3p"
"hsa-mir-1292_hsa-miR-1292-5p",0.000208256199453682,"hsa-miR-1292-5p"
"hsa-mir-3611_hsa-miR-3611",0.00104845752748922,"hsa-miR-3611"
"hsa-mir-1307_hsa-miR-1307-3p",0.00151634228016395,"hsa-miR-1307-3p"
"hsa-mir-6894_hsa-miR-6894-3p",0.000541452466767757,"hsa-miR-6894-3p"
"hsa-mir-5585_hsa-miR-5585-5p",0.000396010918071421,"hsa-miR-5585-5p"
"hsa-mir-503_hsa-miR-503-3p",0.000367289872089473,"hsa-miR-503-3p"
"hsa-mir-21_hsa-miR-21-5p",0.00121098923363398,"hsa-miR-21-5p"
"hsa-mir-1287_hsa-miR-1287-5p",0.000993717874890263,"hsa-miR-1287-5p"
"hsa-mir-1260b_hsa-miR-1260b",0.00072165499353073,"hsa-miR-1260b"
"hsa-mir-519a-2_hsa-miR-519a-3p",0.000124923846681634,"hsa-miR-519a-3p"
"hsa-mir-3607_hsa-miR-3607-5p",0.000513421214707101,"hsa-miR-3607-5p"
"hsa-mir-6859-3_hsa-miR-6859-5p",1.19182708795907e-05,"hsa-miR-6859-5p"
"hsa-mir-6859-1_hsa-miR-6859-5p",0.000226893718657316,"hsa-miR-6859-5p"
"hsa-mir-128-1_hsa-miR-128-1-5p",8.47192192061507e-05,"hsa-miR-128-1-5p"
"hsa-mir-25_hsa-miR-25-3p",0.00179206936448923,"hsa-miR-25-3p"
"hsa-mir-589_hsa-miR-589-5p",0.000907186641672593,"hsa-miR-589-5p"
"hsa-mir-6803_hsa-miR-6803-5p",0.000669255288534087,"hsa-miR-6803-5p"
"hsa-mir-19b-1_hsa-miR-19b-1-5p",0.000556157907741384,"hsa-miR-19b-1-5p"
"hsa-mir-548w_hsa-miR-548w",0.000738875098069272,"hsa-miR-548w"
"hsa-mir-708_hsa-miR-708-5p",0.000240167582573563,"hsa-miR-708-5p"
"hsa-mir-3912_hsa-miR-3912-3p",0.00131877302015357,"hsa-miR-3912-3p"
"hsa-mir-450a-2_hsa-miR-450a-2-3p",0.000508769867213449,"hsa-miR-450a-2-3p"
"hsa-mir-512-1_hsa-miR-512-3p",6.9724322622771e-05,"hsa-miR-512-3p"
"hsa-mir-6862-1_hsa-miR-6862-5p",0.000635769492066549,"hsa-miR-6862-5p"
"hsa-mir-3140_hsa-miR-3140-3p",0.0010577067611807,"hsa-miR-3140-3p"
"hsa-mir-6745_hsa-miR-6745",0.000274500891329675,"hsa-miR-6745"
"hsa-mir-149_hsa-miR-149-5p",0.000252695341453788,"hsa-miR-149-5p"
"hsa-mir-548au_hsa-miR-548au-5p",0.00105561372542598,"hsa-miR-548au-5p"
"hsa-mir-199a-2_hsa-miR-199a-5p",6.39387305970404e-05,"hsa-miR-199a-5p"
"hsa-mir-452_hsa-miR-452-3p",0.00118114382588452,"hsa-miR-452-3p"
"hsa-mir-1271_hsa-miR-1271-5p",0.000864825762471022,"hsa-miR-1271-5p"
"hsa-mir-186_hsa-miR-186-3p",0.000522571977161443,"hsa-miR-186-3p"
"hsa-mir-331_hsa-miR-331-5p",0.000561777242384347,"hsa-miR-331-5p"
"hsa-mir-942_hsa-miR-942-5p",0.000869711244817996,"hsa-miR-942-5p"
"hsa-mir-339_hsa-miR-339-5p",0.000257210447363244,"hsa-miR-339-5p"
"hsa-mir-199a-1_hsa-miR-199a-5p",4.05277818344686e-05,"hsa-miR-199a-5p"
"hsa-mir-516b-1_hsa-miR-516b-5p",0.000201989156136887,"hsa-miR-516b-5p"
"hsa-mir-3127_hsa-miR-3127-5p",0.000603058192369988,"hsa-miR-3127-5p"
"hsa-mir-6750_hsa-miR-6750-3p",0.000431218930285939,"hsa-miR-6750-3p"
"hsa-mir-548am_hsa-miR-548am-5p",0.000891943630467947,"hsa-miR-548am-5p"
"hsa-mir-5589_hsa-miR-5589-3p",0.000848152893620444,"hsa-miR-5589-3p"
"hsa-mir-205_hsa-miR-205-3p",0.000103702779954264,"hsa-miR-205-3p"
"hsa-mir-6855_hsa-miR-6855-3p",0.000760594293404152,"hsa-miR-6855-3p"
"hsa-mir-548o-2_hsa-miR-548o-5p",0.000492935657704195,"hsa-miR-548o-5p"
"hsa-mir-876_hsa-miR-876-5p",0.000266032272603057,"hsa-miR-876-5p"
"hsa-mir-664b_hsa-miR-664b-5p",0.000549987751389002,"hsa-miR-664b-5p"
"hsa-mir-152_hsa-miR-152-3p",0.00169897244474296,"hsa-miR-152-3p"
"hsa-mir-4504_hsa-miR-4504",0.000874554601134392,"hsa-miR-4504"
"hsa-mir-4659a_hsa-miR-4659a-3p",0.000750664897267717,"hsa-miR-4659a-3p"
"hsa-mir-6764_hsa-miR-6764-5p",0.000735594027072132,"hsa-miR-6764-5p"
"hsa-mir-616_hsa-miR-616-3p",0.000658774959928385,"hsa-miR-616-3p"
"hsa-mir-6739_hsa-miR-6739-5p",0.000519912952742574,"hsa-miR-6739-5p"
"hsa-mir-548ak_hsa-miR-548ak",0.000645123858078319,"hsa-miR-548ak"
"hsa-mir-548ax_hsa-miR-548ax",0.000163871670157773,"hsa-miR-548ax"
"hsa-mir-933_hsa-miR-933",0.000251809292266512,"hsa-miR-933"
"hsa-mir-3130-1_hsa-miR-3130-3p",0.000165173393664416,"hsa-miR-3130-3p"
"hsa-mir-762_hsa-miR-762",0.000782064457259913,"hsa-miR-762"
"hsa-mir-320e_hsa-miR-320e",0.000967902782678163,"hsa-miR-320e"
"hsa-mir-411_hsa-miR-411-3p",0.00034725895467535,"hsa-miR-411-3p"
"hsa-mir-219a-2_hsa-miR-219a-2-3p",0.000191602757112957,"hsa-miR-219a-2-3p"
"hsa-mir-4444-1_hsa-miR-4444",0.000112684828910222,"hsa-miR-4444"
"hsa-mir-129-2_hsa-miR-129-5p",0.000222773209756927,"hsa-miR-129-5p"
"hsa-mir-6862-2_hsa-miR-6862-5p",0.000332356649853576,"hsa-miR-6862-5p"
"hsa-mir-6805_hsa-miR-6805-5p",0.000483523948031578,"hsa-miR-6805-5p"
"hsa-mir-6514_hsa-miR-6514-5p",0.000669070645286857,"hsa-miR-6514-5p"
"hsa-mir-410_hsa-miR-410-3p",0.000525696677333716,"hsa-miR-410-3p"
"hsa-mir-3158-1_hsa-miR-3158-5p",0.000818261402064398,"hsa-miR-3158-5p"
"hsa-mir-7155_hsa-miR-7155-5p",0.000529958885225712,"hsa-miR-7155-5p"
"hsa-mir-3194_hsa-miR-3194-3p",0.000452045887561866,"hsa-miR-3194-3p"
"hsa-mir-4707_hsa-miR-4707-3p",0.00019671647174568,"hsa-miR-4707-3p"
"hsa-mir-1260a_hsa-miR-1260a",0.0010088363946093,"hsa-miR-1260a"
"hsa-mir-570_hsa-miR-570-3p",0.000810775724551084,"hsa-miR-570-3p"
"hsa-mir-1469_hsa-miR-1469",0.000356098604732822,"hsa-miR-1469"
"hsa-mir-145_hsa-miR-145-5p",0.000127371999551797,"hsa-miR-145-5p"
"hsa-mir-505_hsa-miR-505-3p",0.000315210381074595,"hsa-miR-505-3p"
"hsa-mir-450a-1_hsa-miR-450a-1-3p",0.000439883146622286,"hsa-miR-450a-1-3p"
"hsa-mir-6793_hsa-miR-6793-5p",0.00011428033969336,"hsa-miR-6793-5p"
"hsa-mir-328_hsa-miR-328-5p",0.000594188344977141,"hsa-miR-328-5p"
"hsa-mir-24-1_hsa-miR-24-3p",0.000788467013863397,"hsa-miR-24-3p"
"hsa-mir-4661_hsa-miR-4661-5p",0.000118202724428104,"hsa-miR-4661-5p"
"hsa-mir-3127_hsa-miR-3127-3p",0.00042779059099016,"hsa-miR-3127-3p"
"hsa-mir-5706_hsa-miR-5706",0.000198277883579578,"hsa-miR-5706"
"hsa-mir-6729_hsa-miR-6729-3p",0.00038318634056356,"hsa-miR-6729-3p"
"hsa-mir-185_hsa-miR-185-5p",0.000103279388346644,"hsa-miR-185-5p"
"hsa-mir-345_hsa-miR-345-3p",0.000616286589754541,"hsa-miR-345-3p"
"hsa-mir-3661_hsa-miR-3661",0.000489744763575493,"hsa-miR-3661"
"hsa-mir-342_hsa-miR-342-5p",0.000134364040728403,"hsa-miR-342-5p"
"hsa-mir-548c_hsa-miR-548c-5p",0.000424504381739327,"hsa-miR-548c-5p"
"hsa-mir-520d_hsa-miR-520d-5p",0.000167038694284705,"hsa-miR-520d-5p"
"hsa-mir-3130-2_hsa-miR-3130-3p",4.94254749501345e-05,"hsa-miR-3130-3p"
"hsa-mir-1910_hsa-miR-1910-3p",0.000582598437900973,"hsa-miR-1910-3p"
"hsa-mir-196a-1_hsa-miR-196a-5p",0.000271723424859353,"hsa-miR-196a-5p"
"hsa-mir-6885_hsa-miR-6885-5p",0.000162291694676797,"hsa-miR-6885-5p"
"hsa-mir-5581_hsa-miR-5581-5p",0.000311073873698164,"hsa-miR-5581-5p"
"hsa-mir-487a_hsa-miR-487a-3p",0.000683235502833124,"hsa-miR-487a-3p"
"hsa-mir-6770-3_hsa-miR-6770-5p",0.000466946806678645,"hsa-miR-6770-5p"
"hsa-mir-371b_hsa-miR-371b-5p",0.000671105943530923,"hsa-miR-371b-5p"
"hsa-mir-6729_hsa-miR-6729-5p",0.000455569433062173,"hsa-miR-6729-5p"
"hsa-mir-4728_hsa-miR-4728-3p",2.01094874119832e-05,"hsa-miR-4728-3p"
"hsa-mir-4762_hsa-miR-4762-5p",0.000204360292072585,"hsa-miR-4762-5p"
"hsa-mir-3164_hsa-miR-3164",0.000490781872469847,"hsa-miR-3164"
"hsa-mir-519a-1_hsa-miR-519a-5p",0.000376455255588645,"hsa-miR-519a-5p"
"hsa-mir-6883_hsa-miR-6883-3p",0.000109122513468855,"hsa-miR-6883-3p"
"hsa-mir-151b_hsa-miR-151b",0.00163176105805437,"hsa-miR-151b"
"hsa-mir-3934_hsa-miR-3934-5p",9.58595828631825e-05,"hsa-miR-3934-5p"
"hsa-mir-548av_hsa-miR-548av-5p",0.000141900770408996,"hsa-miR-548av-5p"
"hsa-mir-6859-2_hsa-miR-6859-5p",1.50765731080069e-06,"hsa-miR-6859-5p"
"hsa-mir-6882_hsa-miR-6882-3p",0.000531946914887861,"hsa-miR-6882-3p"
"hsa-mir-4671_hsa-miR-4671-5p",0.000754792054656225,"hsa-miR-4671-5p"
"hsa-mir-24-2_hsa-miR-24-3p",0.000788181369823382,"hsa-miR-24-3p"
"hsa-mir-4281_hsa-miR-4281",0.000242294365648065,"hsa-miR-4281"
"hsa-mir-17_hsa-miR-17-5p",0.00107092234947803,"hsa-miR-17-5p"
"hsa-mir-512-2_hsa-miR-512-3p",0.000260270833510202,"hsa-miR-512-3p"
"hsa-mir-4726_hsa-miR-4726-5p",0.000378952108792377,"hsa-miR-4726-5p"
"hsa-mir-3916_hsa-miR-3916",0.000267376588745218,"hsa-miR-3916"
"hsa-mir-6733_hsa-miR-6733-5p",0.000395391049032806,"hsa-miR-6733-5p"
"hsa-mir-184_hsa-miR-184",7.00337797638005e-06,"hsa-miR-184"
"hsa-mir-4644_hsa-miR-4644",0.000260052821865907,"hsa-miR-4644"
"hsa-mir-19b-1_hsa-miR-19b-3p",0.000567926355468166,"hsa-miR-19b-3p"
"hsa-let-7g_hsa-let-7g-5p",0.000458461280659956,"hsa-let-7g-5p"
"hsa-mir-4533_hsa-miR-4533",4.17574363071163e-05,"hsa-miR-4533"
"hsa-mir-6721_hsa-miR-6721-5p",6.58709823396263e-05,"hsa-miR-6721-5p"
"hsa-mir-524_hsa-miR-524-5p",0.000111220801124419,"hsa-miR-524-5p"
"hsa-mir-106a_hsa-miR-106a-5p",0.00080074924703825,"hsa-miR-106a-5p"
"hsa-mir-7110_hsa-miR-7110-3p",0.000675717075472874,"hsa-miR-7110-3p"
"hsa-mir-19b-2_hsa-miR-19b-3p",0.000597869772472868,"hsa-miR-19b-3p"
"hsa-mir-154_hsa-miR-154-3p",0.000423899417134201,"hsa-miR-154-3p"
"hsa-mir-28_hsa-miR-28-3p",0.000556991634600792,"hsa-miR-28-3p"
"hsa-mir-5699_hsa-miR-5699-5p",0.00022411326739929,"hsa-miR-5699-5p"
"hsa-mir-511_hsa-miR-511-5p",0.000721907490161746,"hsa-miR-511-5p"
"hsa-mir-6886_hsa-miR-6886-5p",0.000128921100275081,"hsa-miR-6886-5p"
"hsa-mir-548al_hsa-miR-548al",0.000857664542533316,"hsa-miR-548al"
"hsa-mir-9-3_hsa-miR-9-3p",0.000590287229190003,"hsa-miR-9-3p"
"hsa-mir-4800_hsa-miR-4800-5p",0.00039534464027857,"hsa-miR-4800-5p"
"hsa-mir-874_hsa-miR-874-5p",5.55071907929519e-05,"hsa-miR-874-5p"
"hsa-mir-196a-2_hsa-miR-196a-5p",0.000278922266731753,"hsa-miR-196a-5p"
"hsa-mir-3688-2_hsa-miR-3688-3p",0.000344652460815353,"hsa-miR-3688-3p"
"hsa-mir-5187_hsa-miR-5187-5p",0.000579460110917699,"hsa-miR-5187-5p"
"hsa-mir-142_hsa-miR-142-3p",0.000259421630246959,"hsa-miR-142-3p"
"hsa-mir-4745_hsa-miR-4745-3p",5.37101328913063e-05,"hsa-miR-4745-3p"
"hsa-mir-4632_hsa-miR-4632-3p",0.000220054929101588,"hsa-miR-4632-3p"
"hsa-mir-383_hsa-miR-383-5p",8.34409255295613e-05,"hsa-miR-383-5p"
"hsa-mir-6770-1_hsa-miR-6770-5p",0.000475911013945029,"hsa-miR-6770-5p"
"hsa-mir-371b_hsa-miR-371b-3p",0.000250362535832383,"hsa-miR-371b-3p"
"hsa-mir-1306_hsa-miR-1306-5p",0.00032703121659925,"hsa-miR-1306-5p"
"hsa-mir-221_hsa-miR-221-3p",0.00122845796417023,"hsa-miR-221-3p"
"hsa-mir-4301_hsa-miR-4301",0.000615544428817602,"hsa-miR-4301"
"hsa-mir-6825_hsa-miR-6825-5p",0.00038396452636533,"hsa-miR-6825-5p"
"hsa-mir-4526_hsa-miR-4526",0.000199438714008889,"hsa-miR-4526"
"hsa-mir-3195_hsa-miR-3195",0.000661522735948617,"hsa-miR-3195"
"hsa-mir-424_hsa-miR-424-5p",0.00128006094860987,"hsa-miR-424-5p"
"hsa-mir-4686_hsa-miR-4686",0.000453266157144267,"hsa-miR-4686"
"hsa-mir-4489_hsa-miR-4489",9.23659165220625e-05,"hsa-miR-4489"
"hsa-mir-3619_hsa-miR-3619-5p",2.61384113802552e-05,"hsa-miR-3619-5p"
"hsa-mir-548n_hsa-miR-548n",0.000626541661123311,"hsa-miR-548n"
"hsa-mir-9-1_hsa-miR-9-3p",0.00060325826962464,"hsa-miR-9-3p"
"hsa-mir-323b_hsa-miR-323b-3p",0.000413776461948361,"hsa-miR-323b-3p"
"hsa-mir-653_hsa-miR-653-3p",0.000223083775806915,"hsa-miR-653-3p"
"hsa-mir-3688-1_hsa-miR-3688-3p",0.00031854589919544,"hsa-miR-3688-3p"
"hsa-mir-937_hsa-miR-937-3p",0.000320528055581109,"hsa-miR-937-3p"
"hsa-mir-9-2_hsa-miR-9-3p",0.000531846018045607,"hsa-miR-9-3p"
"hsa-mir-515-1_hsa-miR-515-3p",0.000395621068173443,"hsa-miR-515-3p"
"hsa-mir-6750_hsa-miR-6750-5p",0.000647208709332924,"hsa-miR-6750-5p"
"hsa-mir-3912_hsa-miR-3912-5p",0.000931373240600733,"hsa-miR-3912-5p"
"hsa-mir-6884_hsa-miR-6884-5p",6.90283980767873e-05,"hsa-miR-6884-5p"
"hsa-mir-6820_hsa-miR-6820-5p",9.88204139307111e-05,"hsa-miR-6820-5p"
"hsa-mir-6842_hsa-miR-6842-5p",8.13789913651227e-05,"hsa-miR-6842-5p"
"hsa-mir-615_hsa-miR-615-5p",0.000740927444434212,"hsa-miR-615-5p"
"hsa-mir-130b_hsa-miR-130b-3p",0.000257594486372837,"hsa-miR-130b-3p"
"hsa-mir-7109_hsa-miR-7109-5p",0.000102624924588938,"hsa-miR-7109-5p"
"hsa-mir-6821_hsa-miR-6821-5p",0.000337200967533164,"hsa-miR-6821-5p"
"hsa-mir-17_hsa-miR-17-3p",0.000150149280593291,"hsa-miR-17-3p"
"hsa-mir-512-2_hsa-miR-512-5p",9.2882196671607e-05,"hsa-miR-512-5p"
"hsa-mir-501_hsa-miR-501-3p",5.93694327527446e-05,"hsa-miR-501-3p"
"hsa-mir-365a_hsa-miR-365a-5p",0.000137168501099675,"hsa-miR-365a-5p"
"hsa-mir-6766_hsa-miR-6766-3p",0.000616377551619551,"hsa-miR-6766-3p"
"hsa-mir-548ap_hsa-miR-548ap-5p",9.06233936995119e-05,"hsa-miR-548ap-5p"
"hsa-mir-5192_hsa-miR-5192",0.000223455691237434,"hsa-miR-5192"
"hsa-mir-3944_hsa-miR-3944-3p",0.000221446696796091,"hsa-miR-3944-3p"
"hsa-mir-6787_hsa-miR-6787-3p",0.000548950349662072,"hsa-miR-6787-3p"
"hsa-mir-106b_hsa-miR-106b-3p",0.000615605613269601,"hsa-miR-106b-3p"
"hsa-mir-521-2_hsa-miR-521",1.81427341121032e-05,"hsa-miR-521"
"hsa-mir-1972-2_hsa-miR-1972",0.000440739529959319,"hsa-miR-1972"
"hsa-mir-1287_hsa-miR-1287-3p",0.000723463333134272,"hsa-miR-1287-3p"
"hsa-mir-4787_hsa-miR-4787-3p",0.000105531378153818,"hsa-miR-4787-3p"
"hsa-mir-146a_hsa-miR-146a-5p",0.000903725255829458,"hsa-miR-146a-5p"
"hsa-mir-5006_hsa-miR-5006-3p",0.000549929839071196,"hsa-miR-5006-3p"
"hsa-mir-6770-2_hsa-miR-6770-5p",0.000686412302247989,"hsa-miR-6770-5p"
"hsa-mir-526b_hsa-miR-526b-5p",0.000180176585730574,"hsa-miR-526b-5p"
"hsa-mir-4667_hsa-miR-4667-3p",0.000321706184874905,"hsa-miR-4667-3p"
"hsa-mir-222_hsa-miR-222-3p",0.000644546055671413,"hsa-miR-222-3p"
"hsa-mir-6783_hsa-miR-6783-3p",0.000756428451124729,"hsa-miR-6783-3p"
"hsa-mir-5090_hsa-miR-5090",0.00058420599102192,"hsa-miR-5090"
"hsa-mir-1296_hsa-miR-1296-5p",1.04902719775955e-05,"hsa-miR-1296-5p"
"hsa-mir-328_hsa-miR-328-3p",0.000113348066493994,"hsa-miR-328-3p"
"hsa-mir-592_hsa-miR-592",0.000441430291659564,"hsa-miR-592"
"hsa-mir-6779_hsa-miR-6779-5p",0.000162123067089701,"hsa-miR-6779-5p"
"hsa-mir-197_hsa-miR-197-5p",0.00013374890940066,"hsa-miR-197-5p"
"hsa-mir-6800_hsa-miR-6800-3p",0.000832036743697432,"hsa-miR-6800-3p"
"hsa-mir-3064_hsa-miR-3064-5p",0.000562732812794895,"hsa-miR-3064-5p"
"hsa-mir-211_hsa-miR-211-5p",0.000752539883740929,"hsa-miR-211-5p"
"hsa-mir-423_hsa-miR-423-3p",0.000358771262536138,"hsa-miR-423-3p"
"hsa-mir-512-1_hsa-miR-512-5p",4.01623074501254e-05,"hsa-miR-512-5p"
"hsa-mir-4700_hsa-miR-4700-5p",0.000572466688059743,"hsa-miR-4700-5p"
"hsa-mir-889_hsa-miR-889-3p",0.000328383399013606,"hsa-miR-889-3p"
"hsa-mir-876_hsa-miR-876-3p",0.000348004096106701,"hsa-miR-876-3p"
"hsa-mir-4511_hsa-miR-4511",0.000749291537309066,"hsa-miR-4511"
"hsa-mir-378e_hsa-miR-378e",0.000832929016982163,"hsa-miR-378e"
"hsa-mir-4668_hsa-miR-4668-5p",0.000193827783292114,"hsa-miR-4668-5p"
"hsa-mir-7850_hsa-miR-7850-5p",0.000166328615071784,"hsa-miR-7850-5p"
"hsa-mir-548aq_hsa-miR-548aq-5p",0.000546518426997134,"hsa-miR-548aq-5p"
"hsa-mir-188_hsa-miR-188-5p",0.000174454126435069,"hsa-miR-188-5p"
"hsa-mir-19b-2_hsa-miR-19b-2-5p",0.000405582686542735,"hsa-miR-19b-2-5p"
"hsa-mir-521-1_hsa-miR-521",7.08529044006407e-05,"hsa-miR-521"
"hsa-mir-1538_hsa-miR-1538",0.000368775978599791,"hsa-miR-1538"
"hsa-mir-520d_hsa-miR-520d-3p",0.000170895150213171,"hsa-miR-520d-3p"
"hsa-mir-1301_hsa-miR-1301-3p",0.00101282359162911,"hsa-miR-1301-3p"
"hsa-mir-4660_hsa-miR-4660",0.000773332796159171,"hsa-miR-4660"
"hsa-mir-4758_hsa-miR-4758-3p",0.000112918879529648,"hsa-miR-4758-3p"
"hsa-mir-6777_hsa-miR-6777-5p",0.000408268552133546,"hsa-miR-6777-5p"
"hsa-mir-516b-2_hsa-miR-516b-5p",1.86704693484977e-05,"hsa-miR-516b-5p"
"hsa-mir-3622a_hsa-miR-3622a-3p",0.000455160367884332,"hsa-miR-3622a-3p"
"hsa-mir-369_hsa-miR-369-5p",0.000784267027528922,"hsa-miR-369-5p"
"hsa-mir-3688-2_hsa-miR-3688-5p",0.00050881873271476,"hsa-miR-3688-5p"
"hsa-mir-29b-2_hsa-miR-29b-2-5p",0.000316662038204416,"hsa-miR-29b-2-5p"
"hsa-mir-1283-2_hsa-miR-1283",0.000107514688760719,"hsa-miR-1283"
"hsa-mir-6866_hsa-miR-6866-5p",0.000157861564104749,"hsa-miR-6866-5p"
"hsa-mir-548ar_hsa-miR-548ar-5p",0.000430944550785239,"hsa-miR-548ar-5p"
"hsa-mir-4683_hsa-miR-4683",0.000594607328430517,"hsa-miR-4683"
"hsa-mir-34c_hsa-miR-34c-3p",0.000547389464491642,"hsa-miR-34c-3p"
"hsa-mir-181b-2_hsa-miR-181b-5p",0.00062101798798263,"hsa-miR-181b-5p"
"hsa-mir-103a-2_hsa-miR-103a-3p",0.000587785556560923,"hsa-miR-103a-3p"
"hsa-mir-3199-2_hsa-miR-3199",0.000259048889653342,"hsa-miR-3199"
"hsa-mir-301a_hsa-miR-301a-3p",0.00117882461981681,"hsa-miR-301a-3p"
"hsa-mir-548aj-2_hsa-miR-548aj-5p",0.000471360946812812,"hsa-miR-548aj-5p"
"hsa-mir-186_hsa-miR-186-5p",2.81053261050812e-05,"hsa-miR-186-5p"
"hsa-mir-1972-1_hsa-miR-1972",0.000304584372636286,"hsa-miR-1972"
"hsa-mir-103a-1_hsa-miR-103a-3p",0.000610783891581779,"hsa-miR-103a-3p"
"hsa-mir-4748_hsa-miR-4748",0.000200169557511564,"hsa-miR-4748"
"hsa-mir-516a-2_hsa-miR-516a-5p",7.58264158231038e-05,"hsa-miR-516a-5p"
"hsa-mir-376b_hsa-miR-376b-5p",0.000484742958559257,"hsa-miR-376b-5p"
"hsa-mir-3140_hsa-miR-3140-5p",0.000873699888065287,"hsa-miR-3140-5p"
"hsa-mir-129-1_hsa-miR-129-1-3p",0.000188662640128056,"hsa-miR-129-1-3p"
"hsa-mir-4722_hsa-miR-4722-5p",0.000115449407577707,"hsa-miR-4722-5p"
"hsa-mir-6789_hsa-miR-6789-3p",0.000218539985906701,"hsa-miR-6789-3p"
"hsa-mir-4474_hsa-miR-4474-3p",0.000254383048548473,"hsa-miR-4474-3p"
"hsa-mir-4324_hsa-miR-4324",6.36652363296975e-05,"hsa-miR-4324"
"hsa-mir-1297_hsa-miR-1297",0.00096824529309895,"hsa-miR-1297"
"hsa-mir-6838_hsa-miR-6838-5p",0.000112795717378912,"hsa-miR-6838-5p"
"hsa-mir-3192_hsa-miR-3192-5p",0.000610560932288352,"hsa-miR-3192-5p"
"hsa-mir-519c_hsa-miR-519c-3p",0.000329707092399019,"hsa-miR-519c-3p"
"hsa-mir-514b_hsa-miR-514b-5p",0.000216257480923383,"hsa-miR-514b-5p"
"hsa-mir-148a_hsa-miR-148a-3p",0.000667922107157476,"hsa-miR-148a-3p"
"hsa-mir-6833_hsa-miR-6833-3p",0.00109335495953896,"hsa-miR-6833-3p"
